hata,hata_tipi
Otopark temel süzgeç kenarı beton bitiş kusuru ,İmalat Hatası
Otopark temel soğuk derzden beton dökülmemiş kısıma çimento şerbeti sızması ,İmalat Hatası
Otopark temeli üzeri mobil vinç beton pompasından zemine motor yağı sızması temel yüzeyine zarar verilmesi ,İmalat Hatası
Otopark temel soğuk derz kesim yerinden beton dökülmemiş bölüme beton çimento şerbeti sızması ,İmalat Hatası
Betonarme imalat kalitesiyle ilgili uygulama sorunları ,Yapım Yöntemine Uygunsuzluk
İksa dolgu betonu esnasında kalıbın açması perde izolasyon arkasına beton dolması ,İmalat Hatası
Kule altı asansör kuyusu etrafı K2B411AOBA aksarı arası grobeton yüzeyine perdah yapılmaması ,Yapım Yöntemine Uygunsuzluk
2450 kotu 719B1BC aksları arası temel betonu kolon içi temel yüzeyi perdah bozukluğu ,Yapım Yöntemine Uygunsuzluk
Saha temizlik imalata kişilere zarar verecek atık hurda maddelerin uzaklaştırılması ,İmalat Hatası
Beton tamiratlarında uygunsuz malzeme kullanımı bozuk tamirat işçiliği ,Malzeme Hatası
Kolon perde temel betonlarında beton dışında kalan demirlerin korunmaması betonlanması ,İmalat Hatası
Segregasyon ,Yapım Yöntemine Uygunsuzluk
Dilatasyonda izolasyona zarar verilmesi ,Yapım Yöntemine Uygunsuzluk
Kolon perde yüzeylerinde çokça büyükçe hava boşluğu çıkması ,Malzeme Hatası
Temel betonu kusurları ,İmalat Hatası
Kolonperde yüzeyinde hava boşluğu çıkması kalıp ek yerinde diş oluşması ,Malzeme Hatası
Betonarme imalatlarda eski kalıp malzemesi kullanılması ,Malzeme Hatası
Kalıp imalat kalitesi ,Malzeme Hatası
Döşeme betonu yüzey bozukluğu ,İmalat Hatası
Segregasyon ,Yapım Yöntemine Uygunsuzluk
Beton küründe gecikme ,Yapım Yöntemine Uygunsuzluk
Döşemede kirişte çatlak oluşması döşemede delik açılarak betonarmeye zarar verilmesi ,İmalat Hatası
Mekanik PVC tesisatların ağızlarının kapatılması korunması ,Yapım Yöntemine Uygunsuzluk
Park parsel B blok arası dilatasyon yalıtımı ,Yapım Yöntemine Uygunsuzluk
Kabayapı uygunsuzlukları ,İmalat Hatası
Kabayapı uygunsuzlukları ,İmalat Hatası
Tayrot delik tamiratları ,Yapım Yöntemine Uygunsuzluk
Kaba yapı uygunsuzlukları ,İmalat Hatası
Merdiven betonu kalıp işçilik bozukluğu ,İmalat Hatası
Kolon perdelerde segregasyon çıkması onaysız tamir harcı tamirat yapılması ,Malzeme Hatası
Döşeme betonlarının mm den düşük yüksek dökülmesi ,Yapım Yöntemine Uygunsuzluk
Şantiyede tertip düzenli çalışılmaması temizlik yapılmaması ,İmalat Hatası
Döşme betonunun cm yüksek dökülmesi perde betonu dökümünde soğuk derzden beton akıntısı ,Yapım Yöntemine Uygunsuzluk
Temel yanı sürme izolasyon yapılması imalat teslimi ,Yapım Yöntemine Uygunsuzluk
KolonPerde Yüzeylerinde kuş gözü hava boşluğu oluşması ,Malzeme Hatası
Merdiven perdelerinde kamera boru bırakılmaması ,Yapım Yöntemine Uygunsuzluk
Merdiven betonu işçilik bozukluğu ,İmalat Hatası
Kolon  perde beton yüzeylerinde kuş gözü hava boşluğu oluşması ,Malzeme Hatası
Erken Kalıp Sökümü ,Yapım Yöntemine Uygunsuzluk
Temel drenaj çukurlarına pompa konularak suların çekilmesi açık süzgeç ağızlarının kapatılması ,İmalat Hatası
Asansör Mekanik Şaftlarda Standartlara Uygun Olmayan Platform Yapılması ,İmalat Hatası
Saha temizlik imalata kişilere zarar verecek atık hurda maddelerin uzaklaştırılması ,İmalat Hatası
Döşeme betonunun mm yüksek dökülmesi ,İmalat Hatası
Kolon Yüzeyinde Segregasyon oluşması Kiriş Birleşiminde Boşluk Çıkması ,İmalat Hatası
İksa tarafı tek yüzlü perdeden çift yüzlü perdeye geçişte membranın içerde kalması sürme yalıtım membran birleşiminin sağlıklı yapılamaması ,Yapım Yöntemine Uygunsuzluk
Betonarme perdede rezervasyon kontrolü yapılmadan kalıbının kapatılması betonunun dökülmesi ,Yapım Yöntemine Uygunsuzluk
Merdivenlerde borulama takipsizliği borulamanın kat sahanlığı bağlantısı yapılmadan betonunun dökülmesi ,Yapım Yöntemine Uygunsuzluk
KolonPerdelerde Döşemelerde Eski Yıpranmış Playwood Kullanılması ,Malzeme Hatası
Temel betonunun mm yüksek dökülmesi ,Yapım Yöntemine Uygunsuzluk
Kolon Perde Yüzeyinde Segregasyon oluşması Kiriş Birleşiminde Boşluk Çıkması ,İmalat Hatası
İksa tarafında izolasyon yapılmadan mıcır dolgusunun yapılması xps üzeri drenaj levhası konulmadan mıcır dolgusunun yapılması ,Yapım Yöntemine Uygunsuzluk
Kaba Yapı Uygunsuzlukları ,İmalat Hatası
Otopark FS08 7ve 6 Bodrum Kat Merdiven Betonu İşçilik Bozukluğu Kalıp Temizliği ,İmalat Hatası
Segregasyon Kaba Yapı Uygunsuzlukları ,Yapım Yöntemine Uygunsuzluk
Temel altı yalıtımın zarar görmesi demirlerin betonlanması soğuk derzden beton akması ,Yapım Yöntemine Uygunsuzluk
Segregasyon Uygunsuz Yöntemle Tamirat Yapılması ,İmalat Hatası
Kule AS3AS4 kolonlarında beton karışımından kaynaklı sürdozaj olması boşluk oluşması paspayı bölgesindeki betonun kopması ,Malzeme Hatası
Kule otopark 1 Bodrum kat tavanı 010 020 040 kotu döşemeleri beton döküm kusurları ,İmalat Hatası
Otopark 9etap 6 bodrum kat tavanı 1750 kotu döşemesi perdah bozukluğu üzerine priz almadan çıkılması perde demirinin oynatılması ,İmalat Hatası
İksa tarafı kademenin olduğu bölgede drenaj bırakılan Q50’lik pvc boru uçlarının bulunamaması ,İmalat Hatası
Otoparkta kalıp yağı varillerinden temel üzerine yağ akıtılması ,İmalat Hatası
Otopark asansör çukuru temel beton üzeri perde diplerinde şerbet çamur tabakası birikmesi ,İmalat Hatası
Döşeme betonunun ve35 mm yüksek dökülmesi ,İmalat Hatası
Planer Cephe çelik kolon ayak ankrajının beton kotundan mm yüksek konulması ,İmalat Hatası
Otopark 2 Bodrum kat tavanı 350 kotu döşemesi beton döküm kusurları ,Yapım Yöntemine Uygunsuzluk
Otopark 2Bodrum 700350 kotları arası kolon kiriş birleşimlerindeki beton kusurları ,Yapım Yöntemine Uygunsuzluk
Kule 1kat 6801290 kotları arası A detayı perdesi ek yerinde diş oluşması ,İmalat Hatası
Otopark 1bodrum kat 350040 kotları arası BP3 perdesinde segregasyon oluşması ,Yapım Yöntemine Uygunsuzluk
Perde Kalıplarındaki Playwood’ların Yıpranması Filmlerinin Soyulması Gereğinden Fazla Delinmesi ,Malzeme Hatası
Döşeme betonunun mm yüksek dökülmesi ,İmalat Hatası
Kule 680 kotu 2kısım döşeme betonu hk ,Yapım Yöntemine Uygunsuzluk
Otopark 2Bodrum tavanı 350 kotu döşemesinde kalıp temizliği segregasyon oluşması ,Yapım Yöntemine Uygunsuzluk
Otopark 7etap 1400 kotu döşemesi şerbet birikintileri beton karışım sorunları ,Malzeme Hatası
Perde Kalıplarındaki Playwood’ların Yıpranması Filmlerinin Soyulması Gereğinden Fazla Delinmesi ,Malzeme Hatası
Otopark 9etap 1400 7etap 700 kotu döşemeleri soğuk derzlerde önceki döşeme tarafına beton sızıntısı kısmen diş oluşması ,İmalat Hatası
Otopark 10etap 1750 kotu döşemesi soğuk derzlerde önceki döşeme tarafına beton sızıntısı kısmen diş oluşması ,İmalat Hatası
Kule Otopark 7bodrum kat su çamur birikintisi ,İmalat Hatası
Kule3 2Bodrum kat tavanı 350 kotu döşemesi kirişlerde boşluk çıkması segregasyon oluşması ,Yapım Yöntemine Uygunsuzluk
Otopark B5 2450 2100 kotları arası BP4 asansör perdesinde şakül kaçıklığı ,Yapım Yöntemine Uygunsuzluk
Otopark 11etap 2450 2100 kotları arası ATP1 perdesi AS236 kolonu tekyüz kalıbının üst tarafının koridora doğru açılması ,İmalat Hatası
Kule 12901790 kotları arası A detayı 2kısım perdesinde segregasyon oluşması ,İmalat Hatası
Giriş tagı ankrajlarının antipas yapılması bulonların korumaya alınması ,Malzeme Hatası
Merdiven sahanlıklarında filizlerin çıkarılması sırasında perdenin gereğinden fazla kırılması tamirat işlerinin gecikmesi ,İmalat Hatası
İksa tarafında ebat olarak drenaj uygun olmayan malzeme getirilmesi dolgu yapılması ,Malzeme Hatası
Kule 1790 döşemesi AK aksı cephe kenarının cephe ankrajlarının kaçıklığı ,İmalat Hatası
Kule 12901790 kotları arası B detayı perdesi 1kısım perdesinde segregasyon oluşması ,İmalat Hatası
Giriş Tagı ankrajlarının korumaya alınmaması bir bulonun kırılması bir bulonun eğilmesi ,Malzeme Hatası
Kule 2290 2790 kotları arası BS05 nolu kolonda uygunsuz yöntemle tamirat yapılması ,Malzeme Hatası
Segregasyon Kaba Yapı Uygunsuzlukları ,İmalat Hatası
Kaba Yapı Uygunsuzlukları ,İmalat Hatası
Otopark 2100 kotu 11etap döşeme üstü perdah yapılamaması yüzey pürüzlüğü ,İmalat Hatası
Kule 2720 döşemesi 1etap cephe kenarı perdahı ankrajların montaj kot bozukluğu ,İmalat Hatası
Otopark 3ve 8etap 700075 arası para transfer girişi rampa soğuk derz kısmında betonda yükseklik oluşması ,İmalat Hatası
Kule 2720 döşemesi 1etap cephe ankrajlarının asansör şaft kenarının kaçıklığı ,İmalat Hatası
Kule 1790 döşemesi asansör şaft kanarı cephe ankraj kaçıklığı ,İmalat Hatası
Kule 2720 döşemesi 2etap cephe kenarının cephe ankrajlarının kaçıklığı ,İmalat Hatası
Jeneratör önü cephe 040 kotu ankrajlarının konulmaması hk ,Yapım Yöntemine Uygunsuzluk
Otopark 9etap 350010 Kotları Arası VIP Garaj Rampasında Beton Döküm İşçiliğinden Kaynaklı Ondülasyon Oluşması ,İmalat Hatası
Kule 3etap 2290 kotu döşemesinde cehe ankrajlarının asansör boşluklarının dış kenarın akslarından kaşması betonun kotundan yüksek dökülmesi ,İmalat Hatası
Kule 2290 döşemesi cephe ankraj aks kot bozuklukları ,İmalat Hatası
Döşeme kalıplarındaki playwoodların yıpranması filmlerinin soyulaması ,İmalat Hatası
Otopark 10etap 2100 1750 kotu döşemeleri soğuk derzlerde önceki döşeme tarafına beton sızıntısı kısmen diş oluşması ,İmalat Hatası
B5 Otopark döşemesinde asansör boşluklarının akslarından kaçması betonun kotundan yüksek dökülmesi ,İmalat Hatası
Otopark 14001050 kotları arası FS09 merdiveni beton işçilik bozukluğu ,İmalat Hatası
B6 Otopark 2450 kotu temelinde kolonun aksından kaçması betonun kotundan yüksek dökülmesi ,İmalat Hatası
Otopark 11etap 17501400 kotları arası ATP1 perdesinin tekyüz bölümünde kalıp açması betonda diş oluşması ,İmalat Hatası
Otopark 11Etap 6 Bodrum kat tavanı 1750 kotu döşemesi beton döküm kusurları ,İmalat Hatası
B3 bölgesi 600 kotu döşemesinde konsolun aksından kaması betonun kotundan yüksek dökülmesi ,İmalat Hatası
Perdelerde Yırtık Açılması ,İmalat Hatası
Otopark 10etap 1050 kotu döşemesi soğuk derzlerde önceki döşeme tarafına beton sızıntısı kısmen diş oluşması ,İmalat Hatası
Kule 3580 kotu BK144 kiriş segregasyonu hk ,İmalat Hatası
Kule 2290 kotu planar cephe çelik kolon bağlantı ankrajı bölgesinin demir güçlendirmesi yapılmadan betonun dökülmesi ,Yapım Yöntemine Uygunsuzluk
Kule FS01 2720  3150 otopark FS03 1750 1400 kotları arası merdiven betonu yüzey bozuklukları ,İmalat Hatası
Kule 2etap 17902290 kotları arası çekirdek perde A detayı hk ,Malzeme Hatası
7bodrum kat temel içi üst kat iniş otopark süzgeç drenaj çukurlarının ağızlarının açık bırakılması içlerine çamur dolması ,Yapım Yöntemine Uygunsuzluk
Kule 3150 döşemesi şaft aks kaçıklıkları cephe ankrajı kot bozuklukları 2 etap beton döküm kusurları hk ,İmalat Hatası
Kule 1etap 3150 kotu döşeme cehe ankrajlarının aksından kaşması betonun kotundan yüksek dökülmesi ,İmalat Hatası
B11 bölgesi 2450 kotu BTP3 perde filizleri hk ,Yapım Yöntemine Uygunsuzluk
Onaylı olmayan kalıp yağı kullanılması ,İmalat Hatası
Kule FS01 merdiveni perdeleri 010  3150 kotları arası kabayapı uygunsuzlukları ,İmalat Hatası
Kule FS02 merdiveni perdeleri 010  2720 kotları arası kabayapı uygunsuzlukları ,İmalat Hatası
Kolon Perde Döşeme Kirişlerdeki Karot Boşluklarının Graut Doldurulması ,Yapım Yöntemine Uygunsuzluk
Otoparkta JCB Bobcat Traktör vs benzer mobil araçlardan temel üzerine yağ akıtılması ,İmalat Hatası
nolu NCR’ların kapatılması 7bodrum kat temel içi üst kat iniş otopark süzgeç drenaj çukurlarının ağızlarının açık bırakılması içlerine çamur dolması ,Yapım Yöntemine Uygunsuzluk
Kule 1etap 3580 kotu döşeme cehe ankrajları asansör boşluk şaftların aksından kaçması betonun kotundan yüksek dökülmesi ,İmalat Hatası
Kule 3580 kotu döşemesinde segregasyon oluşması cephe ankraj etrafı beton yüzey bozuklukları ,Yapım Yöntemine Uygunsuzluk
Döşemelerde eski yıpranmış playwood kullanılması ,Malzeme Hatası
B11 otopark 2100 kotu B2 600 kotu döşeme kalıplarında Eskimiş Yıpranmış Playwoodların kullanılması ,Malzeme Hatası
Temel üzerinde kolon filizlerinin eğilmesi diplerinde temizlik ihtiyacı ,Yapım Yöntemine Uygunsuzluk
B blok 010 kotu giriş tagı atrium giri planar cephe çelik kolon ankraj plakalarının korunması hk ,Yapım Yöntemine Uygunsuzluk
Otopark 10etap 010 kotu döşemesi soğuk derzlerde önceki döşeme tarafına beton sızıntısı kısmen diş oluşması ,İmalat Hatası
B6 Bölgesi 1750 kotu rampa ters kirişlerine mastarsı vibratörsüz beton dökülmesi ,İmalat Hatası
Otopark 11etap 350 kotu döşemesi soğuk derzlerde önceki döşeme tarafına beton sızıntısı kısmen diş oluşması ,İmalat Hatası
P3P5P6ve P7etaplar 010680 kotları arası kolon perdelerde segregasyon diş oluşması ,İmalat Hatası
Kaba Yapı Kusurları Kule 4010 2720 kotu ,İmalat Hatası
B5 otopark 24502100 kotları arası FS3 21001750 kotları arası Fs5 merdivenleri basamaklarında beton birikintisi sahanlıkta boşluk segregasyon ,İmalat Hatası
010 kotu B5 kule 2etap 1400 kotu B5B6 otopark 2100 kotu B10 otopark kule 2etap soğuk derzlerinde açıkta donatı kalması diş oluşumu ,İmalat Hatası
Kule 4440 1etap döşemesi şaft aks kaçıklıkları cephe ankraj çevresi kot bozuklukları döşeme betonunun kotundan yüksek dökülmesi hk ,İmalat Hatası
Kuel 4010 kotu döşeme asansör boşluk şaftların aksından kaçması betonun kotundan yüksek dökülmesi ,İmalat Hatası
Otopark 14etap 2100 kotu döşemesi yıpranmış playwood kullanılması sonucu beton yüzey bozuklukları soğuk derzlerde önceki döşeme tarafına beton sızıntısı kısmen diş oluşması ,Yapım Yöntemine Uygunsuzluk
Kule 4010  4440 kotları arası FS02 merdiven betonu yüzey bozuklukları ,Yapım Yöntemine Uygunsuzluk
Kule 2etap 44404870 kotları arası FS1 1etap 4870 5300 kotları arası FS2 merdivenleri perde kalıbının açarak diş yapması basamaklarında beton birikintisi sahanlıkta boşluk oluşması ,Yapım Yöntemine Uygunsuzluk
Kule 4440 kotu döşeme asansör boşluk şaftları döşeme dış kenarlarının akısndan kaçması betonun kotundan yüksek alçak dökülmesi ,İmalat Hatası
Kule 2etap 4870 kotu döşeme asansör boşluk şaftları cephe ankrajları döşeme dış kenarlarının aksından kaçması betonun kotundan yüksek dökülmesi ,İmalat Hatası
Kule 4870 kotu1etap döşemesi asansör şaftları cephe ankrajları döşeme dış kenarlarının aksından kaçması ankrajların çevresinin kot bozuklukları genel döşemenin kotundan yüksek düşük dökülmesi ,İmalat Hatası
Kule 4440  4870 kotları arası 1etap FS01 merdiven betonu yüzey bozukluğu ,İmalat Hatası
Kule 4440  4870 kotları arası 2etap FS02 merdiven betonu yüzey bozukluğu ,İmalat Hatası
Otopark 350010 Kotları Arası VIP Garaj Rampasında 3Kısım Beton Döküm İşçiliğinden Kaynaklı Ondülasyon Oluşması ,İmalat Hatası
Kule 4870 kotu 2etap döşemesi asansör şaftları döşeme dış kenarlarının aksından kaçması cephe ankrajların çevresinin kot bozuklukları genel döşemenin kotundan yüksek düşük dökülmesi ,İmalat Hatası
16Etap temel betonunun bölümlerde cm düşük  cm yüksek dökülmesi yüzey perdah bozukluğu ,İmalat Hatası
Kule 2etap 61606590 kotları arası kolon perde betonlarının geç priz alması yüzey bozuklukları oluşturması ,İmalat Hatası
Yapısal tamir harcı kullanılmadan sadece ince tamir harcıyla tamirat yapılması onaylı olmayan ince tamir harç malzemesi kullanılması ,Malzeme Hatası
Kule 5300 kotu döşemesi asansör şaftları döşeme dış kenarlarının aksından kaçması cephe ankraj çevrelerinin kot bozukluğu döşemenin kotundan yüksek dökülmesi ,İmalat Hatası
Otopark 12etap 2100 kotu döşemesi 24502100 kotları arası FS06 FS04 merdiven betonu işçilik bozukluğu ,İmalat Hatası
Kule 5300 kotu döşeme asansör boşluk şaftlar cephe ankrajları döşeme dış kenarlarının aksından kaşması betonun kotundan yüksek dökülmesi ,İmalat Hatası
Kule 5730 kotu döşeme asansör boşluk şaftlar cephe ankrajları döşeme dış kenarlarının aksından kaşması betonun kotundan yüksek dökülmesi ,İmalat Hatası
Kule 5730 kotu döşeme asansör boşluk şaftlar cephe ankrajları döşeme dış kenarlarının aksından kaçması betonun kotundan yüksek dökülmesi ,İmalat Hatası
Kule FS01 merdiven yan perdeleri 3150  5730 kotları arası kaba yapı uygunsuzlukları ,İmalat Hatası
Kule FS02 merdiven yan perdeleri 2720  5730 kotları arası kaba yapı uygunsuzlukları ,İmalat Hatası
Kule 5300  5730 kotları arası FS01 FS02 merdivenleri beton işçilik bozuklukları ,İmalat Hatası
Kule 6160 kotu döşeme asansör boşluk şaftlar cephe ankrajları döşeme dış kenarlarının aksından kaşması betonun kotundan yüksek dökülmesi ,İmalat Hatası
Otopark 12 Etap 2100 kotu döşemesi 24501750 arası buz deposu rezerv alan soğutma perdeleri kaba yapı kusurları ,İmalat Hatası
Kule 1etap 65907020 kotları arası FS02 1ve 2etap 57306160 kotları arası FS01 FS02 merdivenleri ilgili kaba inşaat uygunsuzlukları ,İmalat Hatası
Kule 57306160 A perdesinde betonun geç priz alması bir kısmının dökülmesi kolonperdelerde segregasyon uygunsuz yöntemle tamirat kalıp ek yeri diş oluşması ,İmalat Hatası
13etap temel betonunun işaretli bölgelerde 0 45 cm kotundan yüksek dökülmesi otopark kısmında perdah yapılmaması ,İmalat Hatası
Kule 6160 kotu döşemesi asansör şaft kenarlarının aksından kaçması cephe ankraj kot bozukluğu betonun kotundan yüksek dökülmesi ,İmalat Hatası
Kule 6590 kotu döşemesinde asansör boşluk şaftlarıcephe ankrajları döşeme dış kenarlarının aksından kaçması betonun kotundan yüksek dökülmesi ,İmalat Hatası
Kule 2Etap 6160 kotu VT7 asansör boşluğu 1Etap 6590 kotu VT2 VT3 asansör boşluklarının kalıp açması sonucu daralmaları ,İmalat Hatası
Kule 1Etap 5730 kotu döşeme üzerine akan betonun kütle oluşturması B10 Otopark Su deposu toplama kanalı içine akan betonun kanalı doldurması ,Yapım Yöntemine Uygunsuzluk
Kule 7020 kotu döşemesinde cephe ankrajları döşeme dış kenarlarının aksından kaçması betonun kotundan yüksek dökülmesi ,İmalat Hatası
Kule 6590 kotu döşemesi asansör şaftları döşeme dış kenarlarının cephe ankrajlarının aksından kaçması betonun kotundan yüksek dökülmesi ,İmalat Hatası
Kule 5730 6160 Podyum 600 kotu döşemeleri beton öncesi yetersiz kalıp temizliği ,İmalat Hatası
Otopark 12etap 1750 kotu döşeme kusurları ,İmalat Hatası
Kule 7450 kotu döşemesinde asansör boşlukları döşeme dış kenarlarının aksından kaçması betonun kotundan yüksek dökülmesi ,İmalat Hatası
B10 otopark 17501400 kotları arası 14ADAK aksları arası FS06 asansör dış toprak perdeleri kolonlarda ciddi segregasyonlar oluşması ,İmalat Hatası
B6 otopark 2450 2100 kotları arası toprak dolgu üzeri rampa betonunun döşeme kotunun üstünde dökülmesi beton yüzeyinin dalgalı olması ,İmalat Hatası
Saha Tertip Düzen Temizlik ,Yapım Yöntemine Uygunsuzluk
B10B11 otopark 1750 kotu kule 2etap 8310 kotu döşeme otopark kule perde kalıplarında eskimiş yıpranmış playwoodların kullanılması ,Yapım Yöntemine Uygunsuzluk
600 kotu çelik imalat ankraj plakalarının antipas yapılması korumaya alınması ,Yapım Yöntemine Uygunsuzluk
Ziraat tarafı dilatasyonda onaysız farklı özellikteki malzemelerin bir arada kullanılması ,Malzeme Hatası
Kule çekirdek perde kalıplarındaki playwood’ ların aşırı yıpranması ,Malzeme Hatası
Kule 7450 kotu döşemesi asansör şaftlarının aksından kaçması betonun kotundan yüksek düşük dökülmesi ,İmalat Hatası
Onaysız kalın tamir harç malzemesi kullanılması ,Malzeme Hatası
Kule 2etap 8310 kotu döşemesinde asansör boşlukları cephe ankrajları döşeme dış kenarlarının aksından kaçması yüksek beton dökülmesi ,İmalat Hatası
Kule 2etap 78808310 kotları arası FS01 merdiven perdesinin diş oluşturması ,İmalat Hatası
Otopark 12etap 1400 1050 kotları arası ATP1 perdesinin tek yüz bölümünde 1050 döşemesi kiriş yanağında kalıp açması betonda diş oluşması ,İmalat Hatası
Kule 2 Etap 8740 kotu döşeme üzerinde beton prizini almadan imalat yapılması ,İmalat Hatası
Kule 78808310 kotları arası 1 Etap çekirdek VT4 asansör 2Etap VT1 asansör perdelerinde kalıplarındaki plywood parçalarının beton yüzeyine yapışıp kalması ,Malzeme Hatası
Kule 74507880 kotları arası çekirdek asansör perdelerinde kalıplardaki eskimiş yıpranmış playwood parçalarının beton yüzeyine yapışıp yüzey bozukluğu oluturması ,Malzeme Hatası
Kule 91709600 kotları arası çekirdek asansör perde betonlarında yoğun segregasyon oluşması ,İmalat Hatası
B5 Bölgesi 010680 kotları arası BS 9090 kolon 2 kademe betonunun cm kadar diş yapması ,İmalat Hatası
Kule 17kat tavanı 8310 döşemesi altı 78808310 kotları arası kolon çekirdek perdeleri kat geneli kaba yapı kusurları ,İmalat Hatası
Kule 16 kat tavanı 7880 döşemesi altı 74507880 kotları arası kolon çekirdek perdeleri kat geneli kaba yapı kusurları ,İmalat Hatası
Şantiye Girişi Temizlik ,Yapım Yöntemine Uygunsuzluk
IFM Çevre Yol cephesi iksa tarafı dış perde yalıtımının zarar görmesi ,Malzeme Hatası
Kule 15 kat tavanı 7450 döşemesi altı 70207450 kotları arası kolon çekirdek perdeleri kat geneli kaba yapı kusurları ,İmalat Hatası
Kule 14 kat tavanı 7020 döşemesi altı 65907020 kotları arası kolon çekirdek perdeleri kat geneli kaba yapı kusurları ,İmalat Hatası
Kule 8310  7880  7450 kotları arası FS02 merdiven basamaklarında beton birikmesi temizlik ,İmalat Hatası
Kule 17 Normal kat 78808310 kotları arası çekirdek asansör perdeleri tavan döşeme altı kat geneli kaba yapı kusurları ,İmalat Hatası
Kule 18 Normal kat 83108740 kotları arası çekirdek asansör perdeleri tavan döşeme altı kat geneli kaba yapı kusurları ,İmalat Hatası
Kule 19 Normal kat 87409170 kotları arası çekirdek asansör perdeleri tavan döşeme altı kat geneli kaba yapı kusurları ,İmalat Hatası
Otopark 15etap kısmen 16etap temel betonunda perdah yapılmaması yüzey bozukluğu ,İmalat Hatası
B10 Otopark 2450210021001750 17501400 kotları arası FS06 merdivenleri merdiven altında beton birikintisi moloz artıkları bulunması ,İmalat Hatası
Kule 1 Etap 9600 kotu döşeme bozuk perdah yapımı prizini almadan üzerine çıkılarak beton yüzeyinin bozulması ,İmalat Hatası
Otopark yol cephesi toprak perdelerinden bina içerisine su sızması ,Yapım Yöntemine Uygunsuzluk
Kule 18 kat 83108740 kotları arası kolon perdeler döşeme altı kat geneli kaba yapı kusurları ,İmalat Hatası
Otopark 13etap 17501050 kotları arası AS141 nolu 8080 kolon 2 kademesinin cm kadar şakülünden kaçması ,İmalat Hatası
Otopark 8 9etap 3bodrum kat tavanı 700 kotu döşemesi  tamirat silim işleri yapılmadan mekanik imalatların yapılması ,İmalat Hatası
B9 Otopark 1750 kotu döşeme bozuk perdah yapımı dolayısıyla beton yüzeyinin bozulması ,İmalat Hatası
Demir Stoklarının Çamurlanması Şantiye Genel Temizlik ,Yapım Yöntemine Uygunsuzluk
B9 Otopark 2100 kotu B5 Otopark 1050 kotu döşeme soğuk derz tamiratları yapılmadan mekanik imalata başlanması ,İmalat Hatası
B9 Otopark 21001750 kotları arası Vakıf GYO dilatasyon tarafı dış perdeden su sızması ,İmalat Hatası
Kule 9600 kotu 1etap döşemesi asansör şaftları cephe ankrajlarının aksından kaçması betonun kotundan yüksek dökülmesi ,İmalat Hatası
B7 Otopark 17501400 kotları arası BS 90100 kolon betonunun tek doğrultuda cm geniş 90110 yapılması ,İmalat Hatası
Kule 1ve 2Etap 960010030 kotları arası FS2 FS1 merdivenleri 2Etap 91709600 kotları arası FS1 merdiveni ilgili kaba yapı kusurları ,İmalat Hatası
A Blok Kule 2Etap 10030 Döşeme Kalıplarında Eskimiş Yıpranmış Playwood’ların Kullanılması ,Yapım Yöntemine Uygunsuzluk
7 8Etap Otopark 1050 kotu Döşeme Kalıplarında Eskimiş Yıpranmış Playwood’ların Kullanılması ,Yapım Yöntemine Uygunsuzluk
Onaysız Malzeme Kalıp ayırıcı yağ Kullanılması ,İmalat Hatası
Kule 21 Normal kat 960010030 kotları arası çekirdek asansör perdeleri tavan döşeme altı kat geneli kaba yapı kusurları ,İmalat Hatası
Kule 19 kat 87409170 kotları arası kolon perdeler döşeme altı kat geneli kaba yapı kusurları ,İmalat Hatası
Kule 20 kat 91709600 kotları arası kolon perdeler döşeme altı kat geneli kaba yapı kusurları ,İmalat Hatası
Kule 22 Normal kat 1003010460 kotları arası çekirdek asansör perdeleri tavan döşeme altı kat geneli kaba yapı kusurları ,İmalat Hatası
Kule 21 kat 960010030 kotları arası kolon perdeler döşeme altı kat geneli kaba yapı kusurları ,İmalat Hatası
Kule 22 kat 1003010460 kotları arası kolon perdeler döşeme altı kat geneli kaba yapı kusurları ,İmalat Hatası
Otopark 13etap su deposu perde ek yerlerinde dişler mekanik boruların etrafında köpükten dolayı boşluklar oluşması depo içlerinde temizlik ihtiyacı ,İmalat Hatası
B8B9 otopark temel üzerinde perdekolon filizlerinin uzun süre beklemesi paslanması eğilmesi genel temizlik ihtiyacı ,İmalat Hatası
Kule 23 kat 1046010890 kotları arası kolon perdeler döşeme altı kat geneli kaba yapı kusurları ,İmalat Hatası
B10 otopark FS06 merdiveni perdeleri 2450  700 kotları arası kaba yapı uygunsuzlukları ,İmalat Hatası
Kule 10890 kotu 2etap döşemesi asansör şaftları cephe ankrajlarının aksından kaçması betonun kotundan yüksek dökülmesi ,İmalat Hatası
B Blok FS01 merdiveni perdeleri 4010Bt08 9170Bt20 kotları arası kaba yapı uygunsuzlukları ,İmalat Hatası
B8B9 otopark 1400 kotu döşemesi kaba yapı kusurları ,İmalat Hatası
B10B11 otopark 2450 1750 kotları arası döşeme kolon perde kaba yapı kusurları ,İmalat Hatası
B Blok FS02 merdiveni perdeleri 4010Bt08 9170Bt20 kotları arası kaba yapı uygunsuzlukları ,İmalat Hatası
B5B6 etap 010 680 kotları arası kolon perde kaba yapı kusurları ,İmalat Hatası
B Blok FS01 merdiveni perdeleri 2450Bk07 010Zemin kotları arası kaba yapı uygunsuzlukları ,İmalat Hatası
Kule 11320 kotu 1etap döşemesinde beton döküm sonrası çatlak oluşması ,Malzeme Hatası
Kule 1etap 10890  11320 kotları arası FS01 merdiveni kalıp beton işçilik bozuklukları ,İmalat Hatası
Kule 2450  010 kotları arası FS07 merdivenine sabit hattan beton dökülmesi ,İmalat Hatası
Kule 24 kat 10890 11320 kotları arası kolon perdeler döşeme altı kat geneli kaba yapı kusurları kaba yapı uygunsuzlukları ,İmalat Hatası
Kule 23 kat 1046010890 kotları arası kolon perdeler döşeme altı kat geneli kaba yapı kusurları ,İmalat Hatası
Kule 10 kat 16 katlar arasında tamirat silim işleri yapılmadan mekanik imalatlara başlanılması ,Yapım Yöntemine Uygunsuzluk
Kule 24 kat 1089011320 kotları arası kolon perdeler döşeme altı kat geneli kaba yapı kusurları ,İmalat Hatası
Kule 25 kat 1132011750 kotları arası kolon perdeler döşeme altı kat geneli kaba yapı kusurları kaba yapı uygunsuzlukları ,İmalat Hatası
B8 otopark 2450 2100 kotları arası kolon perde kaba yapı kusurları ,İmalat Hatası
B92 otopark 700 kotu döşemesinde eskimiş yıpranmış plywood’lar farklı ebatlarda kırık pah çıtası kullanılması ,Malzeme Hatası
Otopark 12 13etap 700 kotu döşemesi soğuk derz birleşiminde beton perdah bozukluğu diş oluşması ,İmalat Hatası
B10 otopark 010030 kotu döşemesi kaba yapı kusurları ,İmalat Hatası
B9B6 otopark 700 kotu döşemesi soğuk derz birleşiminde beton perdah bozukluğu diş oluşması ,İmalat Hatası
B5 etap 010 680 kotları arası BP5 asansör perdesi kaba yapı kusurları ,İmalat Hatası
B7 otopark 010 kotu 1bk tavanı döşemesi kaba yapı kusurları ,İmalat Hatası
A blok kule Q100’ lük dairesel çelik kolon kalıplarında yapışan betonların kazınmaması yüzeylerin bozuk çıkması ,Malzeme Hatası
Kule 26 kat 1175012180 kotları arası kolon perdeler döşeme altı kat geneli kaba yapı kusurları kaba yapı uygunsuzluklar ,İmalat Hatası
B91 otopark 350 kotu aşırı yıpranmış döşeme kalıbı hk ,Malzeme Hatası
Otopark 16etap 1050 kotu döşemesi 17501050 kotları arası kolonperde kaba yapı kusurları ,İmalat Hatası
Otopark B11 etap 010 kotu 1bk tavanı döşemesi kaba yapı kusurları ,İmalat Hatası
Kule 25 kat 1132011750 kotları arası kolon perdeler döşeme altı kat geneli kaba yapı kusurları ,İmalat Hatası
B9 otopark 010 kotu aşırı yıpranmış döşeme kalıbı hk ,Malzeme Hatası
B9 otopark 350 kotu 2bk tavanı döşemesi kaba yapı kusurları ,İmalat Hatası
B8 otopark 2100 kotu döşemesinde bozuk soğuk derz birleşimi helikopter perdahının yapılmaması ,İmalat Hatası
B5 etap VT14 asansörü 500 kotu makine dairesi döşemesinde yan perdelerin arka perdenin kotundan yüksek dökülmesi uyarılara rağmen kırılmaması izinsiz kontrolsüz epoksi yapılması ,İmalat Hatası
Kule 27 kat 1218012610 kotları arası kolon perdeler döşeme altı kat geneli kaba yapı kusurları kaba yapı uygunsuzluklar ,İmalat Hatası
Su Deposu Buz Deposu Rezerv Soğutma Deposu Temizliği hk ,Yapım Yöntemine Uygunsuzluk
Kule 12610 kotu 2etap Döşeme Kalıpları Kule Çekirdek Perde Kalıplarında Eskimiş Yıpranmış Plywood’ların Kullanılması ,Malzeme Hatası
Podyum 600 kotu üzeri demir stoğunun uzun süre beklemesi betonlanması paslanması genel temizlik ihtiyacı ,Malzeme Hatası
Otopark 13 Etap 350 kotu döşeme altı etap geneli kaba yapı kusurları ,İmalat Hatası
Otopark 15 Etap 1050 kotu döşeme altı etap geneli kaba yapı kusurları ,İmalat Hatası
Kule 26 kat 1175012180 kotları arası kolon perdeler döşeme altı kat geneli kaba yapı kusurları ,İmalat Hatası
Kule 28 kat 1261013040 kotları arası kolon perdeler döşeme altı kat geneli kaba yapı kusurları kaba yapı uygunsuzlukları ,İmalat Hatası
Otopark B8 etap 2100 kotu döşemesi kaba yapı kusurları ,İmalat Hatası
7bk Asansör Mekanik Şaftların Temizliği ,Yapım Yöntemine Uygunsuzluk
Kule 13040 kotu 1etap döşemesi asansör şaftları cephe kenarının aksından kaçması betonun kotundan düşük dökülmesi ,İmalat Hatası
Kule 27 kat 1218012610 kotları arası kolon perdeler döşeme altı kat geneli kaba yapı kusurları ,İmalat Hatası
Kule 3Bodrum Kat 1050 döşeme kiriş kaba yapı uygunsuzlukları ,İmalat Hatası
Otopark B9 etap 010 kotu döşemesi kaba yapı kusurları ,İmalat Hatası
Podyum3 3 kat 17902290 kotları arası kolon perdeler döşeme altı kat geneli kaba yapı kusurları ,İmalat Hatası
Podyum FS05 merdiveni perdeleri 010  2720 kotları arası kaba yapı uygunsuzlukları ,İmalat Hatası
Kule 1etap 1347013900 kotları arası A2 perdesinde Podyum 27203150 kotları arası AS567192 nolu kolonlarda kür yapılmaması ,Yapım Yöntemine Uygunsuzluk
Kule 29 kat 1304013470 kotları arası kolon perdeler döşeme altı kat geneli kaba yapı kusurları kaba yapı uygunsuzlukları ,İmalat Hatası
Kule 28 kat 1261013040 kotları arası kolon perdeler döşeme altı kat geneli kaba yapı kusurları ,İmalat Hatası
Podyum3 4 kat 22902720 kotları arası kolon perdeler döşeme altı kat geneli kaba yapı kusurları ,İmalat Hatası
Kule 29 kat 1etap 1304013470 kotları arası kolon perdeler döşeme altı kat geneli kaba yapı kusurları ,İmalat Hatası
Kule 2etap 13470  13900 kotları arası FS02 merdiven beton işçilik bozukluğu ,İmalat Hatası
Kule 2etap 13900 kotu döşemesi beton işçilik kusurları ,İmalat Hatası
Podyum 3150 kotu döşemesi beton işçilik kusurları ,İmalat Hatası
Otopark B9 Etap 24502100 kotu kaba yapı kusurları ,İmalat Hatası
Otopark B8B9 Etap 21001750 kotu kaba yapı kusurları ,İmalat Hatası
Kule 30 kat 13470 13900 kotları arası kolon perdeler döşeme altı kat geneli kaba yapı kusurları ,İmalat Hatası
Kule 29 kat 2etap 1304013470 kotları arası kolon perdeler döşeme altı kat geneli kaba yapı kusurları ,İmalat Hatası
Otopark 16etap 3bk 1050700 kotları arası döşemekolonperde kaba yapı kusurları ,İmalat Hatası
Podyum 1290  3150 kotları arası FS05 merdiven basamaklarında beton birikmesi temizlik ihtiyacı ,Yapım Yöntemine Uygunsuzluk
Podyum 5kat 27203150 kotları arası kolon perdeler döşeme altı kat geneli kaba yapı kusurları ,İmalat Hatası
Otopark 15etap 3bk1050700 kotları arası döşemekolonperde kaba yapı kusurları ,İmalat Hatası
B10  zemin kat 010  600 kotları arası kolon perdeler döşeme altı kat geneli kaba yapı kusurları kaba yapı uygunsuzlukları ,İmalat Hatası
Kule 31 kat 1etap 1390014330 kotları arası kolon perdeler döşeme altı kat geneli kaba yapı kusurları ,İmalat Hatası
B Blok bodrum katları 7654321 genel temizlik ,Yapım Yöntemine Uygunsuzluk
Otopark 13 Etap 010 kotu döşeme altı etap geneli kaba yapı kusurları ,İmalat Hatası
Otopark 12 Etap 010 kotu döşeme altı etap geneli kaba yapı kusurları ,İmalat Hatası
Kule 31 kat 2etap 1390014330 kotları arası kolon perdeler döşeme altı kat geneli kaba yapı kusurları ,İmalat Hatası
Harç eksikliklerinden dolayı gazbeton aralarında boşlukların olduğu Kırık hasarlı parçaların kullanıldığı Beton ankraj malzeme çivi kullanımında uygunsuzlukları ,İmalat Hatası
Harç eksikliklerinden dolayı gazbeton aralarında boşlukların olduğu Düzgün olmayan topuk beton imalatı Beton kolon birleşimi eksik harç yapıştrıcı ,İmalat Hatası
Harç eksikliklerinden dolayı gazbeton aralarında boşlukların olduğu Beton kolon gazbeton birleşiminde eksik harç yapıştırıcı kullanımından dolayı boşluklar ,İmalat Hatası
Harç eksikliklerinden dolayı gazbeton aralarında boşlukların olduğu Beton kolon gazbeton birleşiminde eksik harç yapıştırıcı kullanımından dolayı boşluklar ,İmalat Hatası
Gazbeton duvar imalatı mastarında değil içe doğru diş atmış Gazbeton Hatıl imalatı şakül mastarından kaçık dışa doğru fazla diş atmış ,İmalat Hatası
Lento üzeri Devam Eden Beton Hatıl Mastarsız Dışa Doğru Eğim Yapmıştır ,İmalat Hatası
Yatay dikey hatılların birleşiminde Gazbetonda uygunsuz kesim yapılması Epoksihatıl birleşiminin düzgün olmaması Yanlış yere yapılan Epoksi imalatı ,İmalat Hatası
Yatay dikey hatılların demir etriyelerinde eksiklikler uygunsuz aralar kötü bağlantılar var ,İmalat Hatası
Dikey hatıllar Gazbeton duvarda yetersiz uygunsuz bırakılan diş boşluklar mevcut Beton kolon gazbeton birleşimlerinde yetersiz diş uygunsuz bağlantı imalatı mevcut ,İmalat Hatası
Göz izazında iskele dikmelerinde uyarıcı koruyucu tıpalar eksiklikleri mevcuttur ,İmalat Hatası
İlgili alanlardaki kapı boşluk lento alt kod ölçülerinin proje ölçüsü uyumsuzluğu mevcuttur ,İmalat Hatası
Gazbeton imalatında yapıştırıcı harç yerine köpük kullanılmış ara boşluklar köpük kapatılmış Hatıl birleşimlerinde gerekli dişlerin yapılmadan duvar örümü yapılmış ,İmalat Hatası
Gazbeton Duvar imalatında diş bırakılmadan kenetleme yapılmadan İki duvar birleştirilmeden imalat yapılmış Gazbeton Duvar imalatında Hatalı kenetleme imalatları mevcut ,İmalat Hatası
A Blok 7 Bodrum Kat Sığınak Bayan WC’leri Gazbeton Duvar İmalatı Hk ,Yapım Yöntemine Uygunsuzluk
A blok Otopark 5 Bodrum Kat AB05094O Hol Duvarlarında Taşyünü Konulmadan Köpük Sıkılması ,İmalat Hatası
A blok Otopark 5 Bodrum Kat Gazbeton Duvar İmalat Kusurları ,Yapım Yöntemine Uygunsuzluk
Otopark 13 Etap 1 2 5 Bodrum Kat Gazbeton Duvarlarında Kolon Duvar Birleşimine Ankraj L profil Atılmaması ,İmalat Hatası
6Bodrum kat beton tamirleri yapılmadan mekanik tesisat borulama başlanması ,Yapım Yöntemine Uygunsuzluk
2Bodrum kat beton tamirleri yapılmadan mekanik tesisat borulama başlanması ,Yapım Yöntemine Uygunsuzluk
7ve 6 bodrum mekanik tesisat boruları duvar geçişlerine galveniz çelik seleev konulmaması ,Yapım Yöntemine Uygunsuzluk
7bodrum kat yangın boru askı plka sabitleme nakta eksikliği ,İmalat Hatası
7ve 6 bodrum mekanik tesisat boruları duvar geçişlerine galveniz çelik seleev konulmaması ,Yapım Yöntemine Uygunsuzluk
6Bodrum kat beton tamirleri yapılmadan mekanik tesisat borulama başlanması ,Yapım Yöntemine Uygunsuzluk
Kirişe yakın geçen yangın tesisatı borularının boyanamaması ,Yapım Yöntemine Uygunsuzluk
A Blok 7 Bodrum kat drenaj çukurlarının kirli olması ,Yapım Yöntemine Uygunsuzluk
B Blok 4 Bodrum kat beton tamirleri yapılmadan mekanik tesisat yangın borularının yapılması ,Yapım Yöntemine Uygunsuzluk
B8  4bodrum 1400  1050 kotları arası kolon perdeler döşeme altı kat geneli kaba yapı kusurları kaba yapı uygunsuzlukları ,İmalat Hatası
Otopark 16etap 2bk 700350 kotları arası döşemekolonperde kaba yapı kusurları ,İmalat Hatası
Kule 32 kat 1etap 1433014760 kotları arası kolon perdeler döşeme altı kat geneli kaba yapı kusurları ,İmalat Hatası
Otopark 12etap 2100  010 kotları arası FS06 merdiveni perdeleri kaba yapı uygunsuzlukları ,İmalat Hatası
Otopark 12etap 2100  010 kotları arası FS04 merdiveni perdeleri kaba yapı uygunsuzlukları ,İmalat Hatası
B blok kule 10030 13470 kotları arası 22kat 30kat arası Fs01 merdiveni kaba yapı kusurları uygunsuzlukları ,İmalat Hatası
Kule 30kat 31kat arası 1347014330 FS02 merdiven basamaklarına beton dökülmesi kırım sırasında basamaklara zarar verilmesi ,Yapım Yöntemine Uygunsuzluk
B11 zemin kat 010 600 kotları arası kolon perdeler döşeme altı kat geneli kaba yapı kusurları kaba yapı uygunsuzlukları ,İmalat Hatası
Otopark 4etap 350 Kotu Oditoryum Konferans Salonu Mahalli İle P4 600 Kotu Döşemesi Temizlik Tertip Düzen Hk ,Yapım Yöntemine Uygunsuzluk
Kule 32 kat 2etap 1433014760 kotları arası kolon perdeler döşeme altı kat geneli kaba yapı kusurları ,İmalat Hatası
B9 1kısım zemin kat 010  600 kotları arası kolon perdeler döşeme altı kat geneli kaba yapı kusurları kaba yapı uygunsuzlukları ,İmalat Hatası
Kule 1519015620 kotları arasında ciddi şekilde A detayı çekirdek perdesinde ATS5ATS16 nolu kolonlarda segregasyon oluşması ,İmalat Hatası
B2 2450 010 kotları arası 7bodrum kat 1bodrum kat arası Fs09 merdiveni kaba yapı kusurları uygunsuzlukları ,İmalat Hatası
Podyum FS05 merdiveni perdeleri 272031503580 kotları arası kaba yapı uygunsuzlukları ,İmalat Hatası
Podyum 6kat 31503580 kotları arası kolon perdeler döşeme altı kat geneli kaba yapı kusurları ,İmalat Hatası
Kule 1etap 15190  15620 kotları arası FS01 merdiven beton işçilik bozukluğu ,İmalat Hatası
Kule 33 kat 1etap 1476015190 kotları arası kolon perdeler döşeme altı kat geneli kaba yapı kusurları ,İmalat Hatası
B9  zemin kat 2kısım 010  600 kotları arası kolon perdeler döşeme altı kat geneli kaba yapı kusurları kaba yapı uygunsuzlukları ,İmalat Hatası
Podyum zemin kat 010 680 kotları arası kolon perdeler döşeme altı kat geneli kaba yapı kusurları ,İmalat Hatası
Podyum3 1kat 6801290 kotları arası kolon perdeler döşeme altı kat geneli kaba yapı kusurları ,İmalat Hatası
Podyum3 2kat 12901790 kotları arası kolon perdeler döşeme altı kat geneli kaba yapı kusurları ,İmalat Hatası
Kule 15620 kotu 1etap döşemesi asansör şaftları cephe kenarının aksından kaçması betonun kotundan düşük dökülmesi ,İmalat Hatası
Otopark 15etap 2bk 700350 kotları arası döşemekolonperde kaba yapı kusurları ,İmalat Hatası
Podyum 7kat 35804010 kotları arası kolon perdeler döşeme altı kat geneli kaba yapı kusurları ,İmalat Hatası
Kule 33 kat 2etap 1476015190 kotları arası kolon perdeler döşeme altı kat geneli kaba yapı kusurları ,İmalat Hatası
B8 2bodrum kat  700 350 arası ,İmalat Hatası
FS02 merdiveni 21ve 28 katları arası9600 12610 arası ,İmalat Hatası
P9 P1 010600680 kotları arası AS144 AS219 Nolu Kolonlarda Oluşan Segregasyonun Uygunsuz Yöntemle Tamiratının Yapılması ,İmalat Hatası
B8 010 döşemesi 1415 AAAB aksları kaba yapı kusurları uygunsuzlukları ,İmalat Hatası
B5 680 1290 kotları arası kolon perde demir imalatı aşırı korozyonların tespit edilmesi ,Malzeme Hatası
Kule 34 kat 1etap 1519015620 kotları arası kolon perdeler döşeme altı kat geneli kaba yapı kusurları ,İmalat Hatası
Uygunsuz yöntemle tamirat yapılması 310 Nolu NCR Kule 1519015620 kotları arası özellikle A detayı ,Yapım Yöntemine Uygunsuzluk
Kule 34 kat 2etap 1519015620 kotları arası kolon perdeler döşeme altı kat geneli kaba yapı kusurları ,İmalat Hatası
Otopark 16etap 1bk350010 kotları arası döşemekolonperde kaba yapı kusurları ,İmalat Hatası
B Blok Yalıtım Koruma kusurları ,Malzeme Hatası
A Blok Yalıtım Koruma kusurları ,Malzeme Hatası
Demirlerin aşırı korozyona uğraması betonlanması yağlanması çalışma alanı temizliği ,Malzeme Hatası
Beton tamiratı yapılmayan yerlerde mekanik tesisatlarının yapılması ,Yapım Yöntemine Uygunsuzluk
Siyah çelik boruların boyasız getirilip şantiyede antipaslarının yapılması ,Yapım Yöntemine Uygunsuzluk
Yangın tesisat boruları temiz su borularının ağzının açık kalması ,İmalat Hatası
Temiz Su Tesisatı konsol rotlarının çapaklarının temizlenmemesi paslanması ,Yapım Yöntemine Uygunsuzluk
Pis Su tesisatı kelepçelerinin oksitlenmesi paslanması ,Yapım Yöntemine Uygunsuzluk
Siyah çelik boruların korunmaması ,Yapım Yöntemine Uygunsuzluk
Havalandırma Tesisatı konsol imalatının temizliği paslanması ,Yapım Yöntemine Uygunsuzluk
Yangın Tesisatında uygun olmayan boru kelepçe montajı ,Yapım Yöntemine Uygunsuzluk
Yangın Tesisatında uygun olmayan imalat yöntemi ,Yapım Yöntemine Uygunsuzluk
Ağzı açık Havalandırma Tesisatı kanalı ,Yapım Yöntemine Uygunsuzluk
Uygun olmayan Havalandırma Tesisatı Askı Sistemi ,Yapım Yöntemine Uygunsuzluk
Yangın Tesisatında uygun olmayan imalat yöntemi ,Yapım Yöntemine Uygunsuzluk
Paslanan Yangın Tesisatı borusu askı rotu ,İmalat Hatası
Çelik boruların ağızlarının açık bırakılması ,İmalat Hatası
Askı rotlarının duvara denk gelmesi ,İmalat Hatası
Beton tamiratı yapılmayan yerlerde mekanik tesisatlarının yapılması ,Yapım Yöntemine Uygunsuzluk
Yangın Tesisatı borularının gaz beton duvarın içinde kalması ,Yapım Yöntemine Uygunsuzluk
Malzeme onayı olmayan malzeme kullanımı ,Malzeme Hatası
Red edilen malzeme kullanımı ,Malzeme Hatası
Yangın Tesisatı borularının kirişlere yakın olması ,Yapım Yöntemine Uygunsuzluk
Yangın Tesisatı askı rotlarının boyanmaması ,İmalat Hatası
Yangın Tesisatı borularının yardımcı malzemelerinin paslanması ,İmalat Hatası
Pis Su Tesisatı Borularının Ağızlarının Açık Bırakılması İçlerine Pislik Dolması ,İmalat Hatası
Süzgeç Ağızlarının Açık Bırakılması ,İmalat Hatası
Kule 1605016480 kotları arası 2etap B detayı çekirdek perdesinde segregasyon oluşması ,İmalat Hatası
B Blok FS06 merdiveni 7bodrum kat Zemin kat  2450 680 kotları arası  kaba yapı kusurları uygunsuzlukları ,İmalat Hatası
B Blok FS07 merdiveni 7bodrum kat Zemin kat  2450 680 kotları arası  kaba yapı kusurları uygunsuzlukları ,İmalat Hatası
Podyum 1213 zemin kat 010600 kotları arası döşemekolonperde kaba yapı kusurları ,İmalat Hatası
Kule 35 kat 1etap 1562016050 kotları arası kolon perdeler döşeme altı kat geneli kaba yapı kusurları ,İmalat Hatası
Kule 16050  16480 kotları arası FS01 merdiven betonu perdah işçilik bozukluğu segregasyon oluşması ,İmalat Hatası
A Blok Taşeron konteyner bölgesi geçiş güzergahı uygunsuzluğu Genel Temizlik ,İmalat Hatası
1bodrum kat gazbeton imalatında kırık gazbetonlarıışık geçiren duvarharç sürülmemiş imalatlar hakkında ,Yapım Yöntemine Uygunsuzluk
2bodrum kat gazbeton imalatında gazbetonun kolon birleşim yerlerine harç sürülmemesi hak ,Yapım Yöntemine Uygunsuzluk
1bodrum kat FS07 merdiven yanı  K2A4 AZ aksındaki duvar teslim edilmeden örülmesi ilk sıra kırık gazbetonları bulunması hak ,Yapım Yöntemine Uygunsuzluk
1bodrum kat harç sürülmeden imalat yapılması ,Yapım Yöntemine Uygunsuzluk
2bodrum kat harç sürülmeden imalat yapılması ,Yapım Yöntemine Uygunsuzluk
2bodrum uygunsuz  kırık gazbetonu imalatı ,Malzeme Hatası
Kule zemin kat AG00111H Ticari Hizmet IT odası duvarının ilk sıra aplikasyonu teslim edilmeden üzerine devam edilmesi ,Yapım Yöntemine Uygunsuzluk
Kule zemin kat Gazbeton Duvar İmalat Kusurları ,İmalat Hatası
3bodrum kat AD aksından geçen güvenlik wc duvar imalatı hakkında ,İmalat Hatası
Bodrum Kat İmalatı Tamamlanmış Gazbeton duvarların korunması Hk ,Yapım Yöntemine Uygunsuzluk
Kule 15190 kotu döşemesinde elektrik borusunun perde dışında kalması Podyum 4010 kotu döşemesinde topraklama şeridinin döşeme dışında açıkta kalması ,Yapım Yöntemine Uygunsuzluk
Sahada marka onayı olmayan malzeme bulunması ,Malzeme Hatası
Marka onayı olmayan malzeme kullanılması ,Malzeme Hatası
Onaylı shop drawing projesi olmadan imalat yapılması ,Yapım Yöntemine Uygunsuzluk
Borulama imalatının şartnameye uygun yapılmaması ,Yapım Yöntemine Uygunsuzluk
İş sırasına uyulmaması ,Yapım Yöntemine Uygunsuzluk
Kablo tavası yapım yöntemine uygun imalat yapılmaması ,Yapım Yöntemine Uygunsuzluk
Onaylı projeye uygun imalat yapılmaması ,Yapım Yöntemine Uygunsuzluk
Marka onayı olmayan malzeme kullanılması ,Malzeme Hatası
Kablo tavası yapım yöntemine uygun imalat yapılmaması ,Yapım Yöntemine Uygunsuzluk
Kablo tavası yapım yöntemine uygun imalat yapılmaması ,Yapım Yöntemine Uygunsuzluk
2bodrum kat su içindeki bölgelere epoksi yapılması ,Yapım Yöntemine Uygunsuzluk
2bodrum kat gaz betonları yataklarına koyulan harcın gazbetonlarının dışına taşması ,İmalat Hatası
3bodrum kat duvar bitiş yerine cm’lik gazbetonu parçası konulması ,Yapım Yöntemine Uygunsuzluk
2bodrum kat FS06 merdiven kapısı hatıl imalatındaki epoksi hakkında ,İmalat Hatası
2bodrum kat FS05 merdiven yanı aksından geçen kapıların hatılları hakkında ,İmalat Hatası
4bodrum kat duvar bitiş yerine cm’lik gazbetonu parçası konulması ,Yapım Yöntemine Uygunsuzluk
4bodrum kat duvar bitiş yerine cm’lik gazbetonu parçası konulması ,Yapım Yöntemine Uygunsuzluk
4bodrum kat şaşırtmalı gazbetonu imalatı hakkında ,Yapım Yöntemine Uygunsuzluk
Podyum3 2290 4 kat FS14 merdiven çevresi duvar imalat kusurları ,İmalat Hatası
Podyum3 2290 5 kat FS14 merdiven çevresi duvar imalat kusurları ,İmalat Hatası
Podyum3 2290 6 kat FS14 merdiven çevresi duvar imalat kusurları ,İmalat Hatası
7 Bodrum kat rampa altı duvar imalatı hk ,Yapım Yöntemine Uygunsuzluk
1bodrum kat AB01044D Rezerv Tesisat Galerisi AB01111O Depo Duvar İmalatı ,İmalat Hatası
2bodrum kat duvar bitiş yerinde cm’lik gazbetonu parçası konulması ,Yapım Yöntemine Uygunsuzluk
Bitişik podyum 2kat 1290 kotu AP02040B DEPO mahalinin kapı kenarı kapı üstü hatıllarının çap olması doğrultusundan kaçması kalıbının erken alınması ,İmalat Hatası
Podyum3 680 1kat FS13 merdiven çevresi duvar imalat kusurları ,İmalat Hatası
Kule 11 normal kat 53005730 kotları arası duvarlarının ilk sıra aplikasyonu teslim edilmeden üzerine devam edilmesi ,Yapım Yöntemine Uygunsuzluk
Otopark 6 bodrum kat AB06014O HOL Duvar İmalatı Kusurları ,İmalat Hatası
Otopark 6 bodrum kat AB06019O DEPO duvarlarında kiriş altında cm köpük payı bırakılması düşey hatıl genişliğinin daralması ,İmalat Hatası
Otopark 6 bodrum kat Rezerv Soğutma Deposu duvarında yağmurlarda aşırı ıslanmış yaş gazbeton kullanılması ,Malzeme Hatası
Kule 2kat FS02 merdiveni iç bölgesi duvar imalatı hakkında ,Malzeme Hatası
Kule 11normal kat çekirdek perdesi duvarlarında dikey yatay derzlerde harç kullanılması ışık geçmesi ,İmalat Hatası
Kule 4normal kat 2290 2720 kotları arası  duvarhatıl imalat kusurları ,İmalat Hatası
Bodrum katlar çimento esaslı sıva imalatında ano kalınlığının 15 cm yapılması ,Yapım Yöntemine Uygunsuzluk
1bodrum kat sıva imalatı hata tespiti hakkında ,İmalat Hatası
6bodrum kat duvar imalatı hakkında ,İmalat Hatası
6bodrum kat duvar imalatı hakkında ,İmalat Hatası
1bodrum kat sıva imalatı geçiş yerlerine file aderans arttırıcı sürülmemesi hakkında ,İmalat Hatası
1bodrum kat sıva imalatı hakkında ,İmalat Hatası
Zemin kat duvar imalatı hatalı lentolar hakkında ,İmalat Hatası
1 kat duvar imalatı hatalı lentolar hakkında ,İmalat Hatası
5bodrum uygunsuz  kenarı köşesi kırık gazbeton imalatı ,İmalat Hatası
KuleBitişik podyum 7kat AP07045B Depo duvarının hatıl yapımı sırasında kolonla bağlantısının koparılması duvarın kolondan ayrılması ,İmalat Hatası
Zemin kat şaşırtma hatalı gazbeton duvar imalatı hakkında ,İmalat Hatası
Zemin hatıl demiri imalatı hakkında ,İmalat Hatası
1bodrum kat çimento esaslı sıva imalatı hakkında ,İmalat Hatası
Zemin kat ıslak hacimleri duvar imalatı hakkında ,İmalat Hatası
Zemin kat artık gazbetonları saha tertip düzeni hakkında ,Yapım Yöntemine Uygunsuzluk
4kat mockup yükseltilmiş döşeme imalatı hakkında ,Yapım Yöntemine Uygunsuzluk
5bodrum kat ıslak hacim sabit tutunma barı lentosu hakkında ,Yapım Yöntemine Uygunsuzluk
Kule 2 kat ıslak hacim sabit tutunma barı lavabo lentosu hakkında ,Yapım Yöntemine Uygunsuzluk
1bodrum kat çimento esaslı sıva hakkında ,İmalat Hatası
1bodrum kat alçı sıva imalatı hakkında ,İmalat Hatası
Kule 5normal kat 2720 3150 kotları arası  duvarhatıl imalat kusurları ,İmalat Hatası
Gazbeton duvar kirişdöşeme birleşiminde onaysız marka malzeme taşyünü yerine camyünü kullanılması ,Yapım Yöntemine Uygunsuzluk
Gazbeton duvar üzerinde serpme sıva kurumadan şartnameye göre beklenilmeden çes imalatının yapılması ,Yapım Yöntemine Uygunsuzluk
2bodrum kat çimento esaslı sıva imalatı hakkında ,İmalat Hatası
Otopark 5bodrum kat SM26 Jetfan Şaftı Duvarında Su İçinde Kalmış Yaş Blokların Kullanılması ,Malzeme Hatası
5 Bodrum Kat ÇES Duvar Kolon Birleşiminde Fuga İşçilik Bozukluğu IT Odası Sıvasının Diş Yapması ,İmalat Hatası
VT09 asansör şaftının tamiratları tamamlanmadan teslim edilmeden boyasının yapılması 3bk 13kat arası ,Yapım Yöntemine Uygunsuzluk
VT09 asansör şaftının 13kat 27katlar arası tamiratları tamamlanmadan teslim edilmeden boyasının yapılması ,Yapım Yöntemine Uygunsuzluk
Kule podyum 5kat gazbeton duvar kirişdöşeme birleşiminde onaysız marka malzeme taşyünü yerine camyünü kullanılması ,Malzeme Hatası
3 bodrum kat duvar kirişdöşeme birleşiminde onaysız marka malzeme taşyünü yerine camyünü konulması ,İmalat Hatası
5 Bodrum Kat AB05051O OTOPARK ASANSÖR HOLÜ ÇES İmalat Kusurları ,İmalat Hatası
6 Bodrum Kat AB06005O HOL ÇES İmalat Kusurları ,İmalat Hatası
Otopark 3bodrum kat SM26 JETFAN ŞAFTI duvarının gönyesinden doğrultusundan kaçması ,İmalat Hatası
5bodrum kat taş yünü poliüretan köpük hakkında ,İmalat Hatası
5bodrum kat çimento esaslı sıva çatlaması hakkında ,İmalat Hatası
1bodrum kat çimento esaslı sıva çatlaması hakkında ,İmalat Hatası
5 Bodrum Kat AB05046O MUTFAK PİŞİRME ALANI ÇES İmalatı Fuga Bozuklukları ,İmalat Hatası
Kule 13 14 Normal Kat Hatıllarının Şişmesi Duvarda Diş Yapması ,İmalat Hatası
VT05 asansörü 5kat 3kat SM05 basınçlandırma şaft içi sıvası hakkında ,Yapım Yöntemine Uygunsuzluk
Mockup 4kat lamel tavan imalatı hakkında ,Yapım Yöntemine Uygunsuzluk
5Bodrum Kat AB05036O SERVİS AVLUSU AB0525O YKK ÇES İmalatı Fuga Bozuklukları ,İmalat Hatası
4Bodrum kat rampa başı kolon köşesi pahlarındaki bozukluklar ,İmalat Hatası
VT10 asansör şaftı tamiratlarındaki bozukluklar hk ,İmalat Hatası
Kule 17kat A10001 Temizlik odası SM08 şaft içi sıvası ön yüz duvarının örülmesi ,Yapım Yöntemine Uygunsuzluk
Giriş kat 010 kotu AG00110O KORİDOR duvarının döşemeden ayrılması duvar yüzeyinde çatlak oluşması ,Yapım Yöntemine Uygunsuzluk
5Bodrum Kat AB05036O Servis Avlusu duvar çes yüzey bozukluğu AB05094O Hol alçı sıva kolon duvar birleşimi fuga bozukluğu ,Yapım Yöntemine Uygunsuzluk
Otopark 3bk AB03290O YGH AB03006O IT ODASI  AB03011O IT ODASI duvar imalatı hk ,İmalat Hatası
Kule 5kat ıslak hacim ortak duvarı ışık geçirmesi hakkında ,İmalat Hatası
3bodrum kat ÇES imalatı genel kusurları ,İmalat Hatası
1bodrum sıva içinde kalan elektrik tesisatı hakkında ,Yapım Yöntemine Uygunsuzluk
Kule 33kat duvar imalatında 7ve 9sıralarda ankraj lamalarının perde tarafına tabanca çivisi çakılmaması duvarın rüzgar darbe alarak yıkılması ,Yapım Yöntemine Uygunsuzluk
Zemin kat duvar hatıl kapı üzeri lento imalat kusurları ,İmalat Hatası
Ayrık podyum zemin kat duvar imalat kusurları ,İmalat Hatası
6bodrum kat çimento esaslı kaba sıva hakkında ,İmalat Hatası
VT15 asansör kuyu içi tamiratlarındaki bozukluklar hk ,İmalat Hatası
Otopark 2bodrum kat AB02069O DEPO duvarı çekirdek perde arası birleşiminde diş oluşması ,İmalat Hatası
Zemin kat duvar imalatı hakkında ,İmalat Hatası
VT09 asansör kuyu içi duvar arkası çes imalatının kalınlığı hk ,Yapım Yöntemine Uygunsuzluk
1 bodrum kat bitmiş sıva imalatına sonradan kırılarak borulama yapılması borulamanın paslı demir teli yapılması ,Yapım Yöntemine Uygunsuzluk
1bodrum kat duvar yüzeyleri ıslatılmadan  nemlendirilmeden sıva imalatının yapılması hk ,Yapım Yöntemine Uygunsuzluk
Ayrık podyum zemin kat AG00041O IT ODASI duvarında cm den bini yapılması özensiz duvar yapımı hk ,Yapım Yöntemine Uygunsuzluk
2 Bodrum Kat  AYK1A6 Aksları Arası Otopark AB02048B REZERV ALAN OTOPARKI Ara Duvarı ÇES İmalatı Fuga Bozuklukları ,İmalat Hatası
28kat SM01 şaft duvarı imalatı hakkında ,İmalat Hatası
Zemin kat AG00053TİCARİ ALAN 19BFBG aksları arası hatıl üzeri duvarda cm den küçük parça kullanılması ,Yapım Yöntemine Uygunsuzluk
1 Bodrum Kat AB01040D Rezerv Alan Tesisat Galerisi ÇES İmalatı Kusurları ,İmalat Hatası
1 Bodrum Kat 1516 K1A8 aksları arası Otopark duvarları ÇES İmalatı Kusurları ,İmalat Hatası
Bodrum Katlar Çimento Esaslı Sıva Yüzeylerinde Çatlak Oluşması Genel ,İmalat Hatası
1 Bodrum kat AB01050O Temizlik Odasında mekanik tesisat yapılmadan sıva imalatının yapılması ,İmalat Hatası
1 Bokrum Kat AB01075B Operasyon AB01061O Koridor Akü Odası kapı lentolarının cm kotundan düşük dökülmesi hk ,İmalat Hatası
Zemin kat hatıl imalatları hk ,İmalat Hatası
Kule 10kat AB10001O Temizlik Odası sıva ano teslimatı yapılmadan sıva imalatının yapılması ,İmalat Hatası
Bitişik podyum 1kat AP01037O Yangın Güvenlik Holü duvar imalatı hk ,İmalat Hatası
32kat hatıl imalatları hakkında ,İmalat Hatası
VT05 asansörü 33 34kat kuyu içi tamiratları hakkında ,İmalat Hatası
Kule katları boyunca elektrik odalarında lentosuz yapılan duvar imalatları hakkında ,İmalat Hatası
29kat hatıl demiri imalatı hakkında ,İmalat Hatası
7bodrum kat hatıl filizleri hakkında ,İmalat Hatası
Kule 10kat Alçı Sıva İmalatı Fuga Bozuklukları ,Yapım Yöntemine Uygunsuzluk
Kule 11kat Alçı Sıva İmalatı Fuga Bozuklukları ,İmalat Hatası
Kule 12kat Alçı Sıva İmalatı Fuga Bozuklukları ,İmalat Hatası
Kule 13kat Alçı Sıva İmalatı Fuga Bozuklukları ,İmalat Hatası
Otopark 7bk sığınak WC gazbeton duvarlarında alt sıranın devamlı suyun içinde kalması aşırı yıpranması ,İmalat Hatası
3bodrum kat AB03032O DEPO duvarı ÇES İmalatı Kusurları ,İmalat Hatası
Zemin kat hatıl filizleri hakkında ,İmalat Hatası
Zemin kat IT odası alçı imalatı hakkında ,İmalat Hatası
6 Bodrum Kat Çimento Esaslı Sıva Yüzeylerinde Çatlak Oluşması ,İmalat Hatası
5 Bodrum Kat Çimento Esaslı Sıva Yüzeylerinde Çatlak Oluşması ,İmalat Hatası
4 Bodrum Kat Çimento Esaslı Sıva Yüzeylerinde Çatlak Oluşması ,İmalat Hatası
3 Bodrum Kat Çimento Esaslı Sıva Yüzeylerinde Çatlak Oluşması ,İmalat Hatası
2 Bodrum Kat Çimento Esaslı Sıva Yüzeylerinde Çatlak Oluşması ,İmalat Hatası
1 Bodrum Kat Çimento Esaslı Sıva Yüzeylerinde Çatlak Oluşması ,İmalat Hatası
2 Bodrum Kat AB02045E Tesisat Galerisi Otopark Tarafı Çimento Esaslı Sıva Perdah Bozukluğu ,İmalat Hatası
4bodrum kat çimento esaslı sıvaların yüzey çatlaması hakkında ,İmalat Hatası
Kule 14kat Alçı Sıva İmalatı Fuga Bozuklukları Bazı Mahallerde Fuga Açılmaması ,İmalat Hatası
Kule 23kat A23003 OFİS duvarında cm den büyük rezervasyon üzerine lento konulmadan duvarının örülmesi ,Yapım Yöntemine Uygunsuzluk
Kule 23kat duvarhatıl imalat kusurları ,İmalat Hatası
Kule 151617 kat SM07 mekanik şaft duvarı alçı sıva imalatı hk ,İmalat Hatası
Kule 1kat VT06VT07 asansörü kapı üzeri lentosunun cm kotundan yüksek dökülmesi hk ,Yapım Yöntemine Uygunsuzluk
Kule zemin kat AG00007O Elektrik Odası AG00035O IT Odası kapı üzeri lentonun duvara binilerinin cm den olması ,İmalat Hatası
Ayrık podyum 1kat duvarhatıl imalat kusurları ,İmalat Hatası
Ayrık podyum 1kat AP01035K Asansör holü kapı üzeri hatıl imalatı hk ,İmalat Hatası
WC ‘lerde lentosuz yapılan pencereler hakkında ,İmalat Hatası
Üst hatılları tamamlanmayan kısımları hakkında ,İmalat Hatası
Yağmur sularına alınmayan önlemler sonucu zemin kat alçı imalatlarının suyu absorbe etmesi ,Yapım Yöntemine Uygunsuzluk
Kule 18 19 kat SM07 mekanik şaft duvarı perde birleşimde file konulmaması ,İmalat Hatası
Zemin kat mekanik ekibi tarafından hatıla zarar verilmesi ,İmalat Hatası
Kule 16ve 22 Kat çimento esaslı sıva yüzeylerinde çatlak oluşması ,İmalat Hatası
Kule 16ve 22 Kat çimento esaslı sıva yüzeylerinde çatlak oluşması ,İmalat Hatası
6bodrum kat çimento esaslı sıvaların yüzey çatlaması hakkında ,İmalat Hatası
5bodrum kat çimento esaslı sıvaların yüzey çatlaması hakkında ,İmalat Hatası
zemin kat yağmur suyu alan cepheye alçı sıva imalatı yapılması ,İmalat Hatası
zemin kat su alan şaft açıkları hakkında ,İmalat Hatası
Vt14 asansörü kapı arkası sıvaları mm yapılması hakkında ,İmalat Hatası
podyum 1kat şaftların içinde malzeme file vs olması hakkında ,İmalat Hatası
5bodrum kat duvar imalatında eski yıpranmış gazbetonları kullanılması hakkında ,Yapım Yöntemine Uygunsuzluk
Alçı sıva imalatlarının yağmur suyundan ıslanması zarar görmesi ,Malzeme Hatası
Kule 10 Kat çimento esaslı sıva yüzeylerinde çatlak oluşması ,Yapım Yöntemine Uygunsuzluk
Kule 28kat elektrik odası desant ucuna kasa konulmadan alçı sıvasının yapılması ,Malzeme Hatası
Kule Bitişik Podyum 1 Kat Çimento Esaslı Sıva Yüzeylerinde Çatlak Oluşması Perdah Bozukluğu ,Yapım Yöntemine Uygunsuzluk
Otopark 6bodrum kat sıva imalatında köşe profillerinin su alması paslanması ,İmalat Hatası
Zemin kat AG00110O KORİDOR duvarın yatay hatıl birlikte yatayda ipinden kaçması ,İmalat Hatası
Zemin kat AG00014KAFETERYA duvarına hatıl yapımı sırasında zarar verilmesi ,İmalat Hatası
Bodrum katlar alçı sıva imalatlarının sudan ıslanması zarar görmesi ,İmalat Hatası
Ayrık podyum 1kat AP01026 Ticari Alan duvarında dikey hatılın şakülünden kaçması ,İmalat Hatası
Uygun Olmayan Stoklama ,Malzeme Hatası
Uygun Olmayan Stoklama ,Malzeme Hatası
Yangın Tesisatın Korunmaması ,İmalat Hatası
Çelik boruların uygun olmayan şekilde depolanması ,İmalat Hatası
Havalandırma kanallarının uygun olmayan şekilde şantiyeye getirilmesi ,İmalat Hatası
Uygun olmayan havalandırma kanalı imalatı ,İmalat Hatası
Onay süreci tamamlanmadan şantiyeye malzeme girişi ,İmalat Hatası
Siyah Çelik Boruların Çürümesi ,İmalat Hatası
Isıtmasoğutma borularının yardımcı malzemelerin taşıyıcı malzemelerin paslanması ,İmalat Hatası
Uygun olmayan havalandırma kanalları ,İmalat Hatası
Uygun olmayan havalandırma kanalları ,İmalat Hatası
Uygun olmayan havalandırma kanalları ,İmalat Hatası
Uygun olmayan havalandırma kanalları ,İmalat Hatası
Kabloların korumasız düzensiz olarak çekilmesi ,Yapım Yöntemine Uygunsuzluk
Aydınlatma armatür kablo bağlantılarının korumasız olarak yapılması ,Yapım Yöntemine Uygunsuzluk
Aydınlatma armatür kablo bağlantılarının projedeki bağlantı detayına uygun yapılmaması ,Yapım Yöntemine Uygunsuzluk
Asansör Kuyu Aydınkatmalarının Şartnameye uygun yapılmaması ,Yapım Yöntemine Uygunsuzluk
Asansör Kuyu Aydınkatmalarının Şartnameye uygun yapılmaması ,Yapım Yöntemine Uygunsuzluk
Kablo tavası yapım yöntemine uygun imalat yapılmaması ,Yapım Yöntemine Uygunsuzluk
Kablo tavası yapım yöntemine uygun imalat yapılmaması ,Yapım Yöntemine Uygunsuzluk
Kablo tavası yapım yöntemine uygun imalat yapılmaması ,Yapım Yöntemine Uygunsuzluk
Marka onayı olmayan malzeme kullanılması ,Yapım Yöntemine Uygunsuzluk
Uygunsıuz borulama yapılması ,Yapım Yöntemine Uygunsuzluk
Topraklama yapım yöntemine uygun imalat yapılmaması ,Malzeme Hatası
Karot kesim yapılırken tava içindeki kabloların korunmaması ,Yapım Yöntemine Uygunsuzluk
İmalatı tamamlanmamış busbar tesisatının koruma altına alınmaması ,Yapım Yöntemine Uygunsuzluk
Güvenlik hattı olmayan kablo aydınlatma sortisi yapılması ,Yapım Yöntemine Uygunsuzluk
İş sırasına uyulmaması ,Yapım Yöntemine Uygunsuzluk
Güvenlik hattı olmayan kablo aydınlatma sortisi yapılması ,Yapım Yöntemine Uygunsuzluk
Uygunsuz borulama yapılması ,Yapım Yöntemine Uygunsuzluk
Kule 35 kat 2etap 1562016050 kotları arası kolon perdeler döşeme altı kat geneli kaba yapı kusurları ,İmalat Hatası
Otopark 15etap 1bk350010 kotları arası döşemekolonperde kaba yapı kusurları ,İmalat Hatası
Kule Zemin Kat Beton Hattı Çevresi Temizlik hk ,Yapım Yöntemine Uygunsuzluk
Rekreasyon tarafı 7bk dış cephe perdeleri tayrot delik tamiratı hk ,Yapım Yöntemine Uygunsuzluk
B8  zemin kat 010  600 kotları arası kolon perdeler döşeme altı kat geneli kaba yapı kusurları kaba yapı uygunsuzlukları ,İmalat Hatası
B9  zemin kat 010  600 kotları arası kolon perdeler döşeme altı kat geneli kaba yapı kusurları kaba yapı uygunsuzlukları ,İmalat Hatası
Kule 36 kat 1etap 1605016480 kotları arası kolon perdeler döşeme altı kat geneli kaba yapı kusurları ,İmalat Hatası
Podyum zemin kat 010680 kotları arası döşemekolonperde kaba yapı kusurları ,İmalat Hatası
B kule 32kat 14330  14760 kotları arası kolon perdeler döşeme altı kat geneli kaba yapı kusurları kaba yapı uygunsuzlukları ,İmalat Hatası
B kule 33kat 14760 15190 kotları arası kolon perdeler döşeme altı kat geneli kaba yapı kusurları kaba yapı uygunsuzlukları ,İmalat Hatası
B Blok FS01 merdiveni 30 33katları arası 13470  15190 kotları arası kaba yapı kusurları uygunsuzlukları ,İmalat Hatası
Kule 16910 kotu 1etap döşemesinde cephe ankrajlarının gömülü kalması yukarda kalması bozuk perdah ,İmalat Hatası
B Blok FS02 merdiveni 28 33katları arası 12610  15190 kotları arası kaba yapı kusurları uygunsuzlukları ,İmalat Hatası
Podyum2 1kat 680 1290 kotları arası kolon perdeler döşeme altı kat geneli kaba yapı kusurları kaba yapı uygunsuzlukları ,İmalat Hatası
P15 etap zemin kat 010600 kotları arası döşemekolonperde kaba yapı kusurları ,İmalat Hatası
Kule 36 kat 2etap 1605016480 kotları arası kolon perdeler döşeme altı kat geneli kaba yapı kusurları ,İmalat Hatası
Şantiye Sahasında Onay Alınmadan Depo Alanları Oluşturulması ,Yapım Yöntemine Uygunsuzluk
1bodrum kat tavanı 010 kotu döşemesi sehim kontrolü ,Yapım Yöntemine Uygunsuzluk
B2 zemin kat FS09 merdiveni 343 kotu akan beton temizliğinin tam yapılmaması ,Yapım Yöntemine Uygunsuzluk
Podyum1 1kat 680 1290 kotları arası kolon perdeler döşeme altı kat geneli kaba yapı kusurları kaba yapı uygunsuzlukları ,İmalat Hatası
Kule 37 kat 1etap 1605016480 kotları arası kolon perdeler döşeme altı kat geneli kaba yapı kusurları ,İmalat Hatası
P11a etap zemin kat 010600 kotları arası döşemekolonperde kaba yapı kusurları ,İmalat Hatası
P10 etap zemin kat 010600 670 kotları arası döşemekolonperde kaba yapı kusurları ,İmalat Hatası
Para girişi rampa uç kısmında C60 sınıfı beton yerine C50 sınıfı beton dökülmesi ,Yapım Yöntemine Uygunsuzluk
1kat teras bölgesi 600 kotu 7K2B4 K2A4AZ 13  AJAK aksları arası genel temizlik hakkında ,Yapım Yöntemine Uygunsuzluk
Podyum2 2kat 1290 1790 kotları arası kolon perdeler döşeme altı kat geneli kaba yapı kusurları kaba yapı uygunsuzlukları ,İmalat Hatası
Kule 37 kat 2etap 1648016910 kotları arası kolon perdeler döşeme altı kat geneli kaba yapı kusurları ,İmalat Hatası
Kule 38 kat 1etap 1691017340 kotları arası kolon perdeler döşeme altı kat geneli kaba yapı kusurları ,İmalat Hatası
P11b etap zemin kat 010600 kotları arası döşemekolon kaba yapı kusurları ,İmalat Hatası
Kule 1777018200 kotları arası ATS nolu kolonda ‘’A detayı’’ perdesinde paspayı azlığı segregasyon oluşması ,İmalat Hatası
6bodrum kat dilatasyon perdesi şişme yapması hakkında ,İmalat Hatası
7bodrum kat rekreasyon alanı izolasyonu hakkında ,Yapım Yöntemine Uygunsuzluk
Podyum 2290 kotu döşemenin yüksek dökülmesi hakkında ,İmalat Hatası
Podyum2 3kat 1790 2290 kotları arası kolon perdeler döşeme altı kat geneli kaba yapı kusurları kaba yapı uygunsuzlukları ,İmalat Hatası
Podyum1 2kat 1290 1790 kotları arası kolon perdeler döşeme altı kat geneli kaba yapı kusurları kaba yapı uygunsuzlukları ,İmalat Hatası
Kule 38 kat 2etap 1691017340 kotları arası kolon perdeler döşeme altı kat geneli kaba yapı kusurları ,İmalat Hatası
Kule 17340 kotu 2etap döşemesi AK3919 AK3920 AN3923 no’lu kirişlere kumkumlu şerbet dökülmesi ATS no’lu kolon başında kum dökülmesi köpüğün boşluk oluşturması ,Malzeme Hatası
Kule 1777018200 kotları arası 1etap A2 detayı çekirdek perdelerinde segregasyon oluşması ,İmalat Hatası
Kule 17770 kotu 2etap döşemesinde cephe ankrajlarının gömülü kalması yukarda kalması bozuk perdah ,İmalat Hatası
Otopark 12etap zemin kat 7bodrum katlar arası 0102450 FS04 merdiveni kat sahanlıklarına beton dökülmesi temizlik ihtiyacı ,Yapım Yöntemine Uygunsuzluk
P15P16 etap 60 kotu çelik imalat ankraj plakalarının antipas yapılması korumaya alınması ,Malzeme Hatası
Kule 39 kat 1etap 1734017770 kotları arası kolon perdeler döşeme altı kat geneli kaba yapı kusurları ,İmalat Hatası
Podyum1 3kat 1790 2290 kotları arası kolon perdeler döşeme altı kat geneli kaba yapı kusurları kaba yapı uygunsuzlukları ,İmalat Hatası
Demir tezgahı zemin kat saha genelinde aşırı hurda gereksiz demirlerin birikmesi hakkında ,Yapım Yöntemine Uygunsuzluk
Kule 39 kat 2etap 1734017770 kotları arası kolon perdeler döşeme altı kat geneli kaba yapı kusurları ,İmalat Hatası
P16 etap zemin kat 010600 kotları arası döşemekolon kaba yapı kusurları ,İmalat Hatası
Asansör perdelerinde silim temizlik tamirat yapılmadan VT02 HIGHRISE kuyu dibi çelik döşeme imalatına başlanılması ,Yapım Yöntemine Uygunsuzluk
Podyum1 4kat 2290 2720 kotları arası kolon perdeler döşeme altı kat geneli kaba yapı kusurları kaba yapı uygunsuzlukları ,İmalat Hatası
Podyum2 4kat 2290 2720 kotları arası kolon perdeler döşeme altı kat geneli kaba yapı kusurları kaba yapı uygunsuzlukları ,İmalat Hatası
Podyum2 3150 döşeme altı beton temizliği hakkında ,Yapım Yöntemine Uygunsuzluk
Asansör kuyu dibi çelik döşeme imalatında kullanılan mekanik dübel hk ,Malzeme Hatası
Kule 40 kat 1etap 1777018200 kotları arası kolon perdeler döşeme altı kat geneli kaba yapı kusurları ,İmalat Hatası
B blok kule VT06 asansör kuyusu çelik imalatı hakkında ,İmalat Hatası
VT04 asansör kuyu dibi çelik döşemesinde guseli taşıyıcı kirişin terazisiz olması şekilde üzerindeki HEB300 kirişlerin sabitlenmeye çalışılması döşeme üzerine üst katlardan beton akması ,İmalat Hatası
P2 etap 1kat 6801290 kotları arası kolon perdeler döşeme altı kat geneli kaba yapı kusurları ,İmalat Hatası
Podyum2 3150 kotu döşeme rezervasyonu hakkında ,İmalat Hatası
VT06 asansörü çelik imalatı kaynakları hakkında ,İmalat Hatası
VT02 asansörü zemin kat çelik imalatı mekanik dübelleri hakkında ,İmalat Hatası
Ayrık podyum FS03 merdiveni 7bodrum kat  2normal katlar arası 24501290 sahanlıklara basamaklara beton dökülmesi temizlik ihtiyacı ,Yapım Yöntemine Uygunsuzluk
Otopark 6bodrum kat 15 16 etap tamirat silim işleri yapılmadan mekanik imalatların yapılması ,Yapım Yöntemine Uygunsuzluk
P1 etap 1kat 6801290 kotları arası kolon perdeler döşeme altı kat geneli kaba yapı kusurları ,İmalat Hatası
Asansör kuyu içleri sıva tamiratının eksik yapılması hakkında ,İmalat Hatası
Kule 40 kat 2etap 1777018200 kotları arası kolon perdeler döşeme altı kat geneli kaba yapı kusurları ,İmalat Hatası
Kule 41 kat 1etap 1777018200 kotları arası kolon perdeler döşeme altı kat geneli kaba yapı kusurları ,Yapım Yöntemine Uygunsuzluk
VT07 asansör kuyu içleri sıva tamiratının eksik yapılması hakkında ,İmalat Hatası
P1 etap 2kat 12901790 kotları arası kolon perdeler döşeme altı kat geneli kaba yapı kusurları ,İmalat Hatası
Otopark 3bodrum kat 15 16 etap tamirat silim işleri yapılmadan mekanik imalatların yapılması ,Yapım Yöntemine Uygunsuzluk
Otopark 2bodrum kat 12 13 etap tamirat silim işleri yapılmadan mekanik imalatların yapılması ,Yapım Yöntemine Uygunsuzluk
Kule 41 kat 2etap 1777018200 kotları arası kolon perdeler döşeme altı kat geneli kaba yapı kusurları ,İmalat Hatası
VT09 asansörü çelik imalatı hk ,İmalat Hatası
Ayrık podyum 2 etap 2kat 12901790 kotları arası kolon perdeler döşeme altı kat geneli kaba yapı kusurları ,İmalat Hatası
FS04 merdiveni zemin kat 5katları arası kaba yapı kusurları uygunsuzlukları ,İmalat Hatası
Podyum2 6kat 3150 3580 kotları arası kolon perdeler döşeme altı kat geneli kaba yapı kusurları kaba yapı uygunsuzlukları ,İmalat Hatası
VT08 asansörü çelik imalatı hk ,İmalat Hatası
Ayrık podyum 3 etap 2kat 12901790 kotları arası kolon perdeler döşeme altı kat geneli kaba yapı kusurları ,İmalat Hatası
Podyum2 5kat 2720 3150 kotları arası kolon perdeler döşeme altı kat geneli kaba yapı kusurları kaba yapı uygunsuzlukları ,İmalat Hatası
Podyum1 5kat 2720 3150 kotları arası kolon perdeler döşeme altı kat geneli kaba yapı kusurları kaba yapı uygunsuzlukları ,İmalat Hatası
VT080910 Asansörleri Makine Dairesi Monoray Çelik İmalatında VT09 Asansörü Kuyu İçi Çelik İmalatında Onaysız Mekanik Dübel Kullanılması ,Malzeme Hatası
Kule 42 kat 1etap 1863019060 kotları arası kolon perdeler döşeme altı kat geneli kaba yapı kusurları ,Malzeme Hatası
Kule 42 kat 2etap 1863019060 kotları arası kolon perdeler döşeme altı kat geneli kaba yapı kusurları ,Malzeme Hatası
VT08VT10 Asansörleri Kuyu İçi Çelik İmalatında Onaysız Mekanik Dübel Kullanılması ,Malzeme Hatası
Onaysız mekanik dübel kullanılması hakkında ,Malzeme Hatası
VT0203040607 asansörü kuyu dibi antipas boya imalatı hakkında ,Yapım Yöntemine Uygunsuzluk
VT0203040607 asansörü kuyu dibi antipas boya imalatı hakkında ,Yapım Yöntemine Uygunsuzluk
VT0203040607 asansörü kuyu dibi çelik imalatında kullanılan pullar hakkında ,İmalat Hatası
VT06 asansör kuyu dibi taşıyıcı guse profilin epoksili tij imalatı hakkında ,İmalat Hatası
VT06 asansör kuyu dibi taşıyıcı guse profilin shimlenmesi hakkında ,İmalat Hatası
VT07 asansör kuyu dibi taşıyıcı guse profilin shimlenmesi hakkında ,İmalat Hatası
VT06 VT07 asansörü 1bodrum kat kuyu içi tamiratı hakkında ,İmalat Hatası
Ayrık podyum 1 etap 3kat 17902290 kotları arası kolon perdeler döşeme altı kat geneli kaba yapı kusurları ,İmalat Hatası
Ayrık podyum 2 etap 3kat 17902290 kotları arası kolon perdeler döşeme altı kat geneli kaba yapı kusurları ,İmalat Hatası
VT080910 Asansör Makine Dairesi Monoray İmalatı Hk ,İmalat Hatası
VT09 asansörü dikey çelik profili tutan ankraj L boyunun uzaması sebebiyle sistemin burulmaya karşı zayıflaması yapım yöntemi hk ,İmalat Hatası
VT06 asansör kuyu dibi taşıyıcı guse profilin epoksi imalatı hakkında ,İmalat Hatası
VT07 asansör kuyu dibi taşıyıcı guse profilin epoksi imalatı hakkında ,İmalat Hatası
VT07 asansör kuyu dibi HEB300 profil imalatı hakkında ,İmalat Hatası
VT10 asansörü kuyu içi 27kat çelik imalatı hk ,İmalat Hatası
Giriş Tagı Ankrajlarının Korumaya Alınmaması Paslanması ,Malzeme Hatası
Otopark 2bodrum 4bodrum kat 15 16 etap tamirat silim işleri yapılmadan mekanikelektrik imalatların yapılması ,Malzeme Hatası
VT06VT14VT15 asansörleri kuyu içi dikey çelik profillerin ipindeterazisinde yapılmaması ,İmalat Hatası
Kule bitişik P8 etap 1790 kotu döşemesi soğuk derzlerden önceki döşeme tarafına beton sızıntısı kısmen diş oluşması ,İmalat Hatası
Kule 9kat 4440 kotu ön cephe çelik döşeme uzatma bağlantı eksikleri ,İmalat Hatası
Kule 43 kat 1etap 1906019490 kotları arası kolon perdeler döşeme altı kat geneli kaba yapı kusurları ,İmalat Hatası
VT06VT07 asansörleri makine dairesi monoray kiriş dübellerinin betona proje ölçüsünden girmesi ,İmalat Hatası
Kule 43 kat 2etap 1906019490 kotları arası kolon perdeler döşeme altı kat geneli kaba yapı kusurları ,İmalat Hatası
Ayrık podyum 3 etap 3kat 17902290 kotları arası kolon perdeler döşeme altı kat geneli kaba yapı kusurları ,İmalat Hatası
Ayrık podyum 4kat 1 etap 22902720 kotları arası kolon perdeler döşeme altı kat geneli kaba yapı kusurları ,İmalat Hatası
Ayrık podyum 4kat 2 etap 22902720 kotları arası kolon perdeler döşeme altı kat geneli kaba yapı kusurları ,İmalat Hatası
Kule bitişik podyum etap 2720 kotu döşemesinde cephe ankraj kanalı etrafı betonun yüksek düşük dökülmesi ankrajların yukarda gömülü kalması hk ,İmalat Hatası
Kule bitişik podyum etap 2720 kotu döşemesinde üst konsol donatısının açıkta kalması hk ,İmalat Hatası
Kule bitişik podyum etap 3kat 17902290 kotları arası kolon perdeler döşeme altı kat geneli kaba yapı kusurları ,İmalat Hatası
VT15 Asansörü kuyu içi çelik imalatı hk ,İmalat Hatası
Podyum1 7kat 3580 4010 kotları arası kolon perdeler döşeme altı kat geneli kaba yapı kusurları kaba yapı uygunsuzlukları ,İmalat Hatası
Podyum2 7kat 3580 4010 kotları arası kolon perdeler döşeme altı kat geneli kaba yapı kusurları kaba yapı uygunsuzlukları ,İmalat Hatası
VT06 asansörü kuyu içi çelik imalatı hk ,İmalat Hatası
Ayrık podyum1 3150 kotu cephe ankraj etrafı betonun yüksek düşük dökülmesi ankrajların yukarda gömülü kalması etrafının perdahının bozuk yapılması ,İmalat Hatası
Ayrık podyum 4kat 3 etap 22902720 kotları arası kolon perdeler döşeme altı kat geneli kaba yapı kusurları ,İmalat Hatası
Kule bitişik podyum etap 4kat 22902720 kotları arası kolon perdeler döşeme altı kat geneli kaba yapı kusurları ,İmalat Hatası
Ayrık podyum 5kat 1 etap 27203150 kotları arası kolon perdeler döşeme altı kat geneli kaba yapı kusurları ,İmalat Hatası
VT14 Asansörü kuyu içi çelik imalatı hk ,İmalat Hatası
VT15 Asansörü kuyu içi çelik imalatı hk ,İmalat Hatası
VT12 asansörü L ankraj plakalarının ölçülerinin projeye uygun olmaması ,İmalat Hatası
AYBE İLE 8K1B3 aksları arası 600 kotu çelik döşeme imalatı hk ,İmalat Hatası
VT16 asansörü kuyu içi çelik imalatı hk ,İmalat Hatası
VT05 asansörü dikey çelik imalatı hakkında ,İmalat Hatası
VT04 asansörü çelik imalatında eksik yapılan antipas boya hakkında ,İmalat Hatası
VT020304 asansörleri HEA160 profillerin temizliği hakkında ,İmalat Hatası
VT13 asansörü L plaka imalatı hakkında ,İmalat Hatası
VT15 asansörü kuyu içi çelik imalatı hk ,İmalat Hatası
VT16 asansörü kuyu içi çelik imalatı hk ,İmalat Hatası
VT17 asansörü kuyu içi çelik imalatı hk ,İmalat Hatası
17kat VT0607 asansörü makine dairesi monoray imalatı hakkında ,İmalat Hatası
VT234678910 asansör kuyu döşemelerinde çelik profillerin paslanması üzerlerine beton dökülmesi ,İmalat Hatası
7bodrum kat su toplama kuyusu iç kalıplarının temizliği hakkında ,İmalat Hatası
Ayrık podyum 5kat 2 etap 27203150 kotları arası kolon perdeler döşeme altı kat geneli kaba yapı kusurları ,İmalat Hatası
Ayrık podyum 5kat 3 etap 27203150 kotları arası kolon perdeler döşeme altı kat geneli kaba yapı kusurları ,İmalat Hatası
Ayrık podyum 6kat 3580 kotu 1 etap döşemesinde kiriş yan kalıbının açması betonunun şişmesi döşemenin düşük kalması ,İmalat Hatası
Kule bitişik podyum 8etap 5kat 27203150 kotları arası kolon döşeme altı etap geneli kaba yapı kusurları ,İmalat Hatası
VT06VT07 Mid Rise asansör makine dairesi monoray kirişlerinin bazılarının küçük kesilmesi ankraj plakası arasında boşluk kalması ,İmalat Hatası
Kule 44 kat 1etap 1949019920 kotları arası kolon perdeler döşeme altı kat geneli kaba yapı kusurları ,İmalat Hatası
5bodrum kat yükleme rampası filizleri hakkında ,İmalat Hatası
5bodrum kat yükleme rampası filizleri hakkında ,İmalat Hatası
VT14 asansörü kuyu dibi çelik imalatı antipas boya hakkında ,İmalat Hatası
VT14 asansörü çelik imalatı temizliği hakkında ,İmalat Hatası
Ayrık podyum 6kat 1 etap 31503580 kotları arası kolon perdeler döşeme altı kat geneli kaba yapı kusurları ,İmalat Hatası
VT1213 asansörleri kalıpların tam sökülmemesi hakkında ,İmalat Hatası
VT14 asansörü cıvata somun torklaması hakkında ,İmalat Hatası
Kule 1 2 Boğumda Cephe Ankraj Kanallarının Paslanması ,İmalat Hatası
VT09 asansörü kuyu içi çelik imalatında boya eksikleri profil üzerine harç dökülmesi ,İmalat Hatası
VT08VT09 asansör kuyu dibi döşemelerinde baklava sacların paslanması ,İmalat Hatası
1bodrum kat tavanı 010 kotu döşemesinde aşırı çatlak oluşması ,İmalat Hatası
VT02 asansör kuyu dibi döşemesinde baklava sacların altına antipas boyası yapılmadan yerine konulması ,İmalat Hatası
VT03 asansör kuyu dibi döşemesinde baklava sacların altına antipas boyası yapılmadan yerine konulması ,İmalat Hatası
VT04 asansör kuyu dibi çelik döşemesinde beton döküntüleri temizlenmeden profil üstü antipas yapılmadan baklava sacların konulması ,İmalat Hatası
VT20 asansörü kuyu içi çelik imalatı hk ,İmalat Hatası
VT10 asansör kuyu dibi çelik döşemesinde çelik profillerin üstünün baklava sacların altının antipas yapılmadan konulması ,İmalat Hatası
Kule bitişik podyum 8etap 6kat 31503550 kotları arası kolon döşeme altı etap geneli kaba yapı kusurları ,İmalat Hatası
Ayrık podyum 6kat 2 etap 31503580 kotları arası kolon perdeler döşeme altı kat geneli kaba yapı kusurları ,İmalat Hatası
VT1617 asansör kuyu içine su akması çelik profillerin paslanmaya başlaması ,İmalat Hatası
VT10 asansörü kuyu içi çelik imalatında boya eksikleri profil üzerinde harç kalıntıları kalması ,İmalat Hatası
Konferans salonu üzeri 600 kotu çelik döşemesinde INP300 kirişinin ankrajında dübellerin betonu patlatması geçersiz olması ,İmalat Hatası
VT03 asansör kuyu içine su akması çelik profiller baklava sacların paslanmaya başlaması ,İmalat Hatası
VT04 asansör kuyu içine su akması çelik profiller baklava sacların paslanmaya başlaması ,İmalat Hatası
VT09 asansör kuyu içine su akması çelik profiller baklava sacların paslanmaya başlaması ,İmalat Hatası
VT10 asansör kuyu içine su akması çelik profiller baklava sacların paslanmaya başlaması ,İmalat Hatası
SM02  SM41 şaft içi temizliği ,İmalat Hatası
BBB7 yangın pompa odası kaba tamiratları hakkında ,İmalat Hatası
Kule 36kat 1605016480 arası HVAC SM05 şaftı B3 çekirdek perdesi içerisinde köpük cüruf oluşması boşluk oluşturması ,İmalat Hatası
VT08 asansörü kuyu içinde sökülmemiş hatıl kalıplarının çelik imalatında boya eksiklerinin kalması ,İmalat Hatası
Konferans salonu üzeri 600 kotu çelik döşeme imalatı hk ,İmalat Hatası
Çok amaçlı salon üzeri 600 kotu çelik döşeme imalatı hk ,İmalat Hatası
600 kotu SM25 JETFAN ŞAFTI parapeti hk ,İmalat Hatası
Ayrık podyum 6kat 3 etap 31503580 kotları arası kolon perdeler döşeme altı kat geneli kaba yapı kusurları ,İmalat Hatası
Çok amaçlı salon üzeri 600 kotu çelik döşeme imalatında kayıcı mesnet tarafında çalışma boşluğunun azalması ,İmalat Hatası
VT14 asansörü kuyu dibi 480 kotu döşeme yükseltme imalatı hk ,İmalat Hatası
Konferans salonu üzeri 600 kotu çelik döşeme imalatında kayıcı sabit mesnet tarafında guselerde çalışma boşluğunun azalması ,İmalat Hatası
Podyum 8kat kalıp söküsünün aydır yapılmadığı ,İmalat Hatası
SM01 kat boyunca şaft içi tamiratları hakkında ,İmalat Hatası
VT05 asansörü kat boyunca çelik profillerin temizlenip antipası yapılması hakkında ,İmalat Hatası
VT05 asansörü çelik profil imalatları ölçülerinin kaydırılması hakkında ,İmalat Hatası
Kule 20560 kotu 1etap döşemesi taç ankrajlarının betonlanması altının boş kalması ,İmalat Hatası
Kule 44 kat 2etap 1949019920 kotları arası kolon perdeler döşeme altı kat geneli kaba yapı kusurları ,İmalat Hatası
P9 etap AS180AS182 no’lu kolonlarda yüzeylerde kil görülmesi boşluk oluşması üst kısımda agregasız şerbet birikmesi ,İmalat Hatası
Kule bitişik podyum 8etap 7kat 35804010 kotları arası kolon döşeme altı etap geneli kaba yapı kusurları ,İmalat Hatası
VT06 asansörü kuyu içi çelik imalatı hk ,İmalat Hatası
VT0607 Asansör Monoray İmalatında Eksik Dübel Dübelin Betonu Patlatması ,İmalat Hatası
VT08 asansör 4kat hakkında ,İmalat Hatası
VT14 asansörü kuyu dibi döşeme hk ,İmalat Hatası
VT15 asansörü kuyu dibi döşemesinde dikey kolon ankraj dübellerinin betonu patlatması işlevsiz kalması hk ,İmalat Hatası
VT20 asansörü kuyu içi çelik profilin kuyuyu ortalamaması sol kuyuda mm daralma sağ kuyuda mm genişleme olması ,İmalat Hatası
VT07 asansörü kuyu içi çelik imalatı hk ,İmalat Hatası
Ayrık podyum 7kat 1 etap 35804010 kotları arası kolon perdeler döşeme altı kat geneli kaba yapı kusurları ,İmalat Hatası
VT15 asansörü kuyu içi çelik imalatında profil üzerinde harç dökülmesi ,İmalat Hatası
Kule 20560 kotu 2etap döşemesi taç ankrajlarının betonlanması altının boş kalması ,İmalat Hatası
Kule VİP cephe 3 4katlarda cephe ankraj kanalı teslimatı tamirat yapılmadan ankraj montajı yapılması ,İmalat Hatası
Kule güneybatı cephevip giriş cephesi 456ve 7katlarda cephe ankraj kanalı etrafı graut dolguların patlaması yeni graut dolgu ihtiyacı hk ,İmalat Hatası
VT15 asansörü kuyu dibi döşeme hk ,İmalat Hatası
Ayrık podyum 7kat 2 etap 35804010 kotları arası kolon perdeler döşeme altı kat geneli kaba yapı kusurları ,İmalat Hatası
Kule 45 kat 1992020205 kotları arası kolon perdeler döşeme altı kat geneli kaba yapı kusurları ,İmalat Hatası
Kule 4440 kotu geri çekilen döşemede ankraj soketi hk ,İmalat Hatası
Kule 1290 kotu geri çekilen döşemede ankraj soketi hk ,İmalat Hatası
Podyum 7kat betonarme sıva tamiratları ,İmalat Hatası
Podyum 8kat betonarme sıva tamiratı ,İmalat Hatası
Kaba inşaattan kalan malzemelerin gönderilmemesi ,İmalat Hatası
2bodrum kat düzen  tertip hakkında ,İmalat Hatası
Zemin kat su basması hakkında ,İmalat Hatası
VT1415 asansör kuyu dibi döşemesine su akması döşemedeki çelik profillerin baklava sacların paslanmaya başlaması ,İmalat Hatası
Çok amaçlı salon üzeri 600 kotu çelik döşemede INP300 kirişin iki ucunda civataların sıkılmaması sıkılmadan trapezin döşenmesi ,İmalat Hatası
Kule 20900 kotu döşemesinde çatlak oluşması helikopter perdahı yapılmaması ,İmalat Hatası
Ayrık podyum 7kat 3 etap 35804010 kotları arası kolon perdeler döşeme altı kat geneli kaba yapı kusurları ,İmalat Hatası
